country,state,city,station,last_update,latitude,longitude,pollutant_id,min_value,max_value,avg_value
India,Bihar,Kishanganj,"SDM Office_Khagra, Kishanganj - BSPCB",26-01-2026 18:00:00,26.0881305,87.93840336,SO2,5,8,7
India,Bihar,Manguraha,"Forest Rest House, Manguraha - BSPCB",26-01-2026 18:00:00,27.308328,84.531742,PM10,44,197,98
India,Bihar,Manguraha,"Forest Rest House, Manguraha - BSPCB",26-01-2026 18:00:00,27.308328,84.531742,SO2,16,17,16
India,Bihar,Motihari,"Gandak Colony, Motihari - BSPCB",26-01-2026 18:00:00,26.63086,84.90051,PM2.5,NA,NA,NA
India,Bihar,Motihari,"Gandak Colony, Motihari - BSPCB",26-01-2026 18:00:00,26.63086,84.90051,PM10,NA,NA,NA
India,Bihar,Munger,"Town Hall, Munger - BSPCB",26-01-2026 18:00:00,25.376776,86.471523,PM2.5,65,213,132
India,Bihar,Munger,"Town Hall, Munger - BSPCB",26-01-2026 18:00:00,25.376776,86.471523,PM10,51,116,89
India,Bihar,Munger,"Town Hall, Munger - BSPCB",26-01-2026 18:00:00,25.376776,86.471523,NH3,5,7,6
India,Bihar,Muzaffarpur,"Buddha Colony, Muzaffarpur - BSPCB",26-01-2026 18:00:00,26.11442,85.39813,PM10,48,103,73
India,Bihar,Muzaffarpur,"Buddha Colony, Muzaffarpur - BSPCB",26-01-2026 18:00:00,26.11442,85.39813,NO2,29,65,40
India,Bihar,Muzaffarpur,"MIT-Daudpur Kothi, Muzaffarpur - BSPCB",26-01-2026 18:00:00,26.1403345,85.3650192,OZONE,5,50,41
India,Bihar,Muzaffarpur,"Muzaffarpur Collectorate, Muzaffarpur - BSPCB",26-01-2026 18:00:00,26.1209,85.3647,PM2.5,80,95,91
India,Andhra_Pradesh,Rajamahendravaram,"Anand Kala Kshetram, Rajamahendravaram - APPCB",26-01-2026 18:00:00,16.9872867,81.7363176,CO,24,45,27
India,Andhra_Pradesh,Tirumala,"Toll Gate, Tirumala - APPCB",26-01-2026 18:00:00,13.67,79.35,NH3,1,2,2
India,Andhra_Pradesh,Tirumala,"Toll Gate, Tirumala - APPCB",26-01-2026 18:00:00,13.67,79.35,SO2,1,10,6
India,Andhra_Pradesh,Tirupati,"Vaikuntapuram, Tirupati - APPCB",26-01-2026 18:00:00,13.615387,79.409230,NO2,29,33,32
India,Andhra_Pradesh,Vijayawada,"HB Colony, Vijayawada - APPCB",26-01-2026 18:00:00,16.536107,80.594233,PM10,46,63,53
India,Andhra_Pradesh,Vijayawada,"HB Colony, Vijayawada - APPCB",26-01-2026 18:00:00,16.536107,80.594233,SO2,16,16,16
India,Andhra_Pradesh,Vijayawada,"HB Colony, Vijayawada - APPCB",26-01-2026 18:00:00,16.536107,80.594233,CO,32,32,32
India,Andhra_Pradesh,Vijayawada,"HB Colony, Vijayawada - APPCB",26-01-2026 18:00:00,16.536107,80.594233,OZONE,16,45,39
India,Andhra_Pradesh,Vijayawada,"Kanuru, Vijayawada - APPCB",26-01-2026 18:00:00,16.486692,80.699436,PM2.5,50,53,52
India,Andhra_Pradesh,Vijayawada,"Kanuru, Vijayawada - APPCB",26-01-2026 18:00:00,16.486692,80.699436,NH3,4,5,5
India,Andhra_Pradesh,Vijayawada,"Rajiv Gandhi Park, Vijayawada - APPCB",26-01-2026 18:00:00,16.509717,80.612222,NO2,42,62,54
India,Andhra_Pradesh,Vijayawada,"Rajiv Nagar, Vijayawada - APPCB",26-01-2026 18:00:00,16.554731,80.649110,NH3,NA,NA,NA
India,Bihar,Aurangabad,"Gurdeo Nagar, Aurangabad - BSPCB",26-01-2026 18:00:00,24.75746,84.366208,NO2,7,8,8
India,Bihar,Aurangabad,"Gurdeo Nagar, Aurangabad - BSPCB",26-01-2026 18:00:00,24.75746,84.366208,CO,101,103,102
India,Bihar,Begusarai,"Lohiyanagar, Begusarai - BSPCB",26-01-2026 18:00:00,25.42742023,86.13886079,CO,11,32,11
India,Bihar,Bettiah,"Kamalnath Nagar, Bettiah - BSPCB",26-01-2026 18:00:00,26.80365,84.51954,NH3,1,1,1
India,Bihar,Bhagalpur,"DM Office_Kachari Chowk, Bhagalpur - BSPCB",26-01-2026 18:00:00,25.251013,86.989001,NH3,1,1,1
India,Bihar,Bhagalpur,"Mayaganj, Bhagalpur - BSPCB",26-01-2026 18:00:00,25.265194,87.012947,NO2,6,10,7
India,Bihar,Buxar,"Charitra Van, Buxar - BSPCB",26-01-2026 18:00:00,25.567520,83.966379,PM2.5,63,110,89
India,Bihar,Buxar,"Charitra Van, Buxar - BSPCB",26-01-2026 18:00:00,25.567520,83.966379,NO2,9,10,9
India,Bihar,Buxar,"Charitra Van, Buxar - BSPCB",26-01-2026 18:00:00,25.567520,83.966379,NH3,3,3,3
India,Assam,Nagaon,"Christianpatty, Nagaon - PCBA",26-01-2026 18:00:00,26.349082,92.68449,SO2,9,14,12
India,Assam,Nalbari,"Bata Chowk, Nalbari - PCBA",26-01-2026 18:00:00,26.446912,91.439057,PM10,98,128,112
India,Assam,Nalbari,"Bata Chowk, Nalbari - PCBA",26-01-2026 18:00:00,26.446912,91.439057,CO,6,22,19
India,Assam,Silchar,"Tarapur, Silchar - PCBA",26-01-2026 18:00:00,24.82827,92.79525,NH3,1,1,1
India,Assam,Sivasagar,"Girls College, Sivasagar - PCBA",26-01-2026 18:00:00,26.987634,94.636574,OZONE,5,83,68
India,Bihar,Araria,"Kharahiya Basti, Araria - BSPCB",26-01-2026 18:00:00,26.146529,87.454184,SO2,NA,NA,NA
India,Bihar,Arrah,"New DM Office, Arrah - BSPCB",26-01-2026 18:00:00,25.5626095,84.663264,CO,44,57,54
India,Andhra_Pradesh,Visakhapatnam,"GVM Corporation, Visakhapatnam - APPCB",26-01-2026 18:00:00,17.72,83.3,NH3,3,4,3
India,Andhra_Pradesh,Visakhapatnam,"GVM Corporation, Visakhapatnam - APPCB",26-01-2026 18:00:00,17.72,83.3,OZONE,4,85,80
India,Arunachal_Pradesh,Naharlagun,"Naharlagun, Naharlagun - APSPCB",26-01-2026 18:00:00,27.103358,93.679645,SO2,9,10,10
India,Arunachal_Pradesh,Naharlagun,"Naharlagun, Naharlagun - APSPCB",26-01-2026 18:00:00,27.103358,93.679645,CO,11,69,16
India,Arunachal_Pradesh,Naharlagun,"Naharlagun, Naharlagun - APSPCB",26-01-2026 18:00:00,27.103358,93.679645,OZONE,5,6,6
India,Assam,Guwahati,"LGBI Airport, Guwahati - PCBA",26-01-2026 18:00:00,26.10887,91.589544,NO2,13,20,15
India,Assam,Guwahati,"LGBI Airport, Guwahati - PCBA",26-01-2026 18:00:00,26.10887,91.589544,SO2,9,14,12
India,Assam,Guwahati,"LGBI Airport, Guwahati - PCBA",26-01-2026 18:00:00,26.10887,91.589544,CO,24,50,32
India,Bihar,Muzaffarpur,"Muzaffarpur Collectorate, Muzaffarpur - BSPCB",26-01-2026 18:00:00,26.1209,85.3647,SO2,4,7,5
India,Bihar,Muzaffarpur,"Muzaffarpur Collectorate, Muzaffarpur - BSPCB",26-01-2026 18:00:00,26.1209,85.3647,OZONE,7,18,15
India,Bihar,Patna,"DRM Office Danapur, Patna - BSPCB",26-01-2026 18:00:00,25.586562,85.043586,CO,36,92,46
India,Bihar,Patna,"Govt. High School Shikarpur, Patna - BSPCB",26-01-2026 18:00:00,25.592539,85.227158,OZONE,8,13,10
India,Bihar,Patna,"Muradpur, Patna - BSPCB",26-01-2026 18:00:00,25.619651,85.147382,PM2.5,57,90,79
India,Bihar,Patna,"Muradpur, Patna - BSPCB",26-01-2026 18:00:00,25.619651,85.147382,OZONE,4,16,15
India,Bihar,Patna,"Samanpura, Patna - BSPCB",26-01-2026 18:00:00,25.596727,85.085624,PM2.5,60,145,103
India,Bihar,Buxar,"Charitra Van, Buxar - BSPCB",26-01-2026 18:00:00,25.567520,83.966379,SO2,4,55,24
India,Bihar,Buxar,"Charitra Van, Buxar - BSPCB",26-01-2026 18:00:00,25.567520,83.966379,OZONE,7,26,22
India,Bihar,Gaya,"Kareemganj, Gaya - BSPCB",26-01-2026 18:00:00,24.792403,84.992416,PM10,129,359,195
India,Bihar,Gaya,"Kareemganj, Gaya - BSPCB",26-01-2026 18:00:00,24.792403,84.992416,NH3,4,6,5
India,Bihar,Gaya,"Kareemganj, Gaya - BSPCB",26-01-2026 18:00:00,24.792403,84.992416,OZONE,1,32,5
India,Bihar,Gaya,"SFTI Kusdihra, Gaya - BSPCB",26-01-2026 18:00:00,24.762518,84.982348,NO2,NA,NA,NA
India,Bihar,Katihar,"Mirchaibari, Katihar - BSPCB",26-01-2026 18:00:00,25.560083,87.553265,PM10,39,117,82
India,Bihar,Rajgir,"Dangi Tola, Rajgir - BSPCB",26-01-2026 18:00:00,25.03280,85.41948,PM10,42,165,102
India,Bihar,Saharsa,"Police Line, Saharsa - BSPCB",26-01-2026 18:00:00,25.892357,86.590325,SO2,16,19,17
India,Bihar,Saharsa,"Police Line, Saharsa - BSPCB",26-01-2026 18:00:00,25.892357,86.590325,CO,36,43,40
India,Bihar,Samastipur,"DM Office_Kasipur, Samastipur - BSPCB",26-01-2026 18:00:00,25.859655,85.77944,PM10,NA,NA,NA
India,Bihar,Samastipur,"DM Office_Kasipur, Samastipur - BSPCB",26-01-2026 18:00:00,25.859655,85.77944,SO2,NA,NA,NA
India,Bihar,Siwan,"Chitragupta Nagar, Siwan - BSPCB",26-01-2026 18:00:00,26.2271665,84.3570427,CO,49,115,57
India,Andhra_Pradesh,Amaravati,"Secretariat, Amaravati - APPCB",26-01-2026 18:00:00,16.5150833,80.5181667,SO2,1,13,7
India,Andhra_Pradesh,Anantapur,"Gulzarpet, Anantapur - APPCB",26-01-2026 18:00:00,14.675886,77.593027,NH3,5,5,5
India,Andhra_Pradesh,Chittoor,"Gangineni Cheruvu, Chittoor - APPCB",26-01-2026 18:00:00,13.204880,79.097889,PM2.5,66,93,75
India,Andhra_Pradesh,Chittoor,"Gangineni Cheruvu, Chittoor - APPCB",26-01-2026 18:00:00,13.204880,79.097889,NO2,46,49,47
India,Bihar,Katihar,"Mirchaibari, Katihar - BSPCB",26-01-2026 18:00:00,25.560083,87.553265,CO,56,82,65
India,Bihar,Kishanganj,"SDM Office_Khagra, Kishanganj - BSPCB",26-01-2026 18:00:00,26.0881305,87.93840336,PM2.5,17,52,34
India,Bihar,Kishanganj,"SDM Office_Khagra, Kishanganj - BSPCB",26-01-2026 18:00:00,26.0881305,87.93840336,NH3,3,3,3
India,Chandigarh,Chandigarh,"Sector 22, Chandigarh - CPCC",26-01-2026 18:00:00,30.735567,76.775714,NH3,5,21,14
India,Chandigarh,Chandigarh,"Sector 22, Chandigarh - CPCC",26-01-2026 18:00:00,30.735567,76.775714,CO,28,109,53
India,Chandigarh,Chandigarh,"Sector-25, Chandigarh - CPCC",26-01-2026 18:00:00,30.751462,76.762879,PM2.5,91,198,140
India,Chandigarh,Chandigarh,"Sector-25, Chandigarh - CPCC",26-01-2026 18:00:00,30.751462,76.762879,CO,28,65,36
India,Chhattisgarh,Bhilai,"32Bungalows, Bhilai - CECB",26-01-2026 18:00:00,21.194815,81.314770,NH3,5,6,6
India,Chhattisgarh,Bhilai,"32Bungalows, Bhilai - CECB",26-01-2026 18:00:00,21.194815,81.314770,SO2,6,10,7
India,Chhattisgarh,Bhilai,"32Bungalows, Bhilai - CECB",26-01-2026 18:00:00,21.194815,81.314770,CO,37,54,48
India,Chhattisgarh,Bhilai,"Civic Center, Bhilai - Bhilai Steel Plant",26-01-2026 18:00:00,21.185571,81.343175,PM10,31,166,80
India,Chhattisgarh,Bhilai,"Civic Center, Bhilai - Bhilai Steel Plant",26-01-2026 18:00:00,21.185571,81.343175,NO2,9,168,54
India,Chhattisgarh,Bhilai,"Civic Center, Bhilai - Bhilai Steel Plant",26-01-2026 18:00:00,21.185571,81.343175,NH3,1,63,12
India,Chhattisgarh,Bhilai,"Civic Center, Bhilai - Bhilai Steel Plant",26-01-2026 18:00:00,21.185571,81.343175,CO,27,35,28
India,Chhattisgarh,Bhilai,"Civic Center, Bhilai - Bhilai Steel Plant",26-01-2026 18:00:00,21.185571,81.343175,OZONE,8,12,11
India,Chhattisgarh,Bhilai,"Hathkhoj, Bhilai - CECB",26-01-2026 18:00:00,21.224231,81.408350,NH3,4,6,5
India,Chhattisgarh,Bilaspur,"Mangala, Bilaspur - NTPC",26-01-2026 18:00:00,22.08815,82.13737,SO2,8,89,29
India,Chhattisgarh,Korba,"Urja Nagar, Korba - CECB",26-01-2026 18:00:00,22.348441,82.549611,PM10,NA,NA,NA
India,Chhattisgarh,Korba,"Urja Nagar, Korba - CECB",26-01-2026 18:00:00,22.348441,82.549611,NH3,1,1,1
India,Chhattisgarh,Milupara,"Govt. Higher Secondary School, Milupara - CECB",26-01-2026 18:00:00,22.1910172,83.5197009,NO2,17,59,28
India,Chhattisgarh,Raipur,"AIIMS, Raipur - CECB",26-01-2026 18:00:00,21.258815,81.578979,PM2.5,43,144,90
India,Chhattisgarh,Raipur,"AIIMS, Raipur - CECB",26-01-2026 18:00:00,21.258815,81.578979,OZONE,1,3,2
India,Chhattisgarh,Raipur,"Krishak Nagar, Raipur - CECB",26-01-2026 18:00:00,21.237755,81.705301,PM2.5,51,105,83
India,Chhattisgarh,Raipur,"Krishak Nagar, Raipur - CECB",26-01-2026 18:00:00,21.237755,81.705301,NH3,2,2,2
India,Chhattisgarh,Raipur,"Siltara Phase-II, Raipur - CECB",26-01-2026 18:00:00,21.371751,81.664929,NO2,51,59,54
India,Delhi,Delhi,"Alipur, Delhi - DPCC",26-01-2026 18:00:00,28.815329,77.153010,NO2,27,68,41
India,Delhi,Delhi,"Anand Vihar, Delhi - DPCC",26-01-2026 18:00:00,28.647622,77.3158090,PM2.5,170,397,308
India,Delhi,Delhi,"Ashok Vihar, Delhi - DPCC",26-01-2026 18:00:00,28.695381,77.181665,OZONE,2,183,127
India,Delhi,Delhi,"Aya Nagar, Delhi - IMD",26-01-2026 18:00:00,28.4706914,77.1099364,PM2.5,80,280,148
India,Delhi,Delhi,"Aya Nagar, Delhi - IMD",26-01-2026 18:00:00,28.4706914,77.1099364,NO2,21,73,40
India,Delhi,Delhi,"Aya Nagar, Delhi - IMD",26-01-2026 18:00:00,28.4706914,77.1099364,OZONE,8,79,60
India,Delhi,Delhi,"Bawana, Delhi - DPCC",26-01-2026 18:00:00,28.776200,77.051074,CO,4,103,11
India,Delhi,Delhi,"Burari Crossing, Delhi - IMD",26-01-2026 18:00:00,28.7256504,77.2011573,PM2.5,95,350,258
India,Delhi,Delhi,"Burari Crossing, Delhi - IMD",26-01-2026 18:00:00,28.7256504,77.2011573,PM10,130,309,174
India,Delhi,Delhi,"Burari Crossing, Delhi - IMD",26-01-2026 18:00:00,28.7256504,77.2011573,OZONE,4,186,88
India,Delhi,Delhi,"CRRI Mathura Road, Delhi - IMD",26-01-2026 18:00:00,28.5512005,77.2735737,PM2.5,79,336,178
India,Delhi,Delhi,"CRRI Mathura Road, Delhi - IMD",26-01-2026 18:00:00,28.5512005,77.2735737,PM10,116,251,160
India,Delhi,Delhi,"CRRI Mathura Road, Delhi - IMD",26-01-2026 18:00:00,28.5512005,77.2735737,OZONE,3,120,77
India,Delhi,Delhi,"Chandni Chowk, Delhi - IITM",26-01-2026 18:00:00,28.656756,77.227234,PM2.5,121,470,287
India,Delhi,Delhi,"Chandni Chowk, Delhi - IITM",26-01-2026 18:00:00,28.656756,77.227234,NO2,18,91,42
India,Delhi,Delhi,"Chandni Chowk, Delhi - IITM",26-01-2026 18:00:00,28.656756,77.227234,SO2,12,42,24
India,Delhi,Delhi,"DTU, Delhi - CPCB",26-01-2026 18:00:00,28.7500499,77.1112615,NH3,7,11,9
India,Delhi,Delhi,"Dr. Karni Singh Shooting Range, Delhi - DPCC",26-01-2026 18:00:00,28.498571,77.264840,NH3,6,9,7
India,Delhi,Delhi,"Dwarka-Sector 8, Delhi - DPCC ",26-01-2026 18:00:00,28.5710274,77.0719006,SO2,21,33,27
India,Delhi,Delhi,"IGI Airport (T3), Delhi - IMD",26-01-2026 18:00:00,28.5627763,77.1180053,OZONE,2,81,54
India,Delhi,Delhi,"IHBAS, Dilshad Garden, Delhi - CPCB",26-01-2026 18:00:00,28.6811736,77.3025234,PM2.5,64,238,137
India,Delhi,Delhi,"IHBAS, Dilshad Garden, Delhi - CPCB",26-01-2026 18:00:00,28.6811736,77.3025234,NH3,5,11,10
India,Delhi,Delhi,"IIT Delhi, Delhi - IITM",26-01-2026 18:00:00,28.542460,77.191651,PM2.5,80,310,177
India,Delhi,Delhi,"ITO, Delhi - CPCB",26-01-2026 18:00:00,28.628624,77.241060,PM2.5,122,372,266
India,Delhi,Delhi,"Jahangirpuri, Delhi - DPCC",26-01-2026 18:00:00,28.732820,77.170633,NO2,108,162,125
India,Delhi,Delhi,"Jahangirpuri, Delhi - DPCC",26-01-2026 18:00:00,28.732820,77.170633,CO,38,108,44
India,Delhi,Delhi,"Jahangirpuri, Delhi - DPCC",26-01-2026 18:00:00,28.732820,77.170633,OZONE,2,135,91
India,Delhi,Delhi,"Jawaharlal Nehru Stadium, Delhi - DPCC",26-01-2026 18:00:00,28.580280,77.233829,SO2,56,75,66
India,Delhi,Delhi,"Major Dhyan Chand National Stadium, Delhi - DPCC",26-01-2026 18:00:00,28.611281,77.237738,PM2.5,63,324,193
India,Delhi,Delhi,"Major Dhyan Chand National Stadium, Delhi - DPCC",26-01-2026 18:00:00,28.611281,77.237738,PM10,100,234,149
India,Delhi,Delhi,"Mandir Marg, Delhi - DPCC",26-01-2026 18:00:00,28.636429,77.201067,OZONE,8,311,158
India,Delhi,Delhi,"Mundka, Delhi - DPCC",26-01-2026 18:00:00,28.684678,77.076574,PM2.5,98,382,261
India,Delhi,Delhi,"NSIT Dwarka, Delhi - CPCB",26-01-2026 18:00:00,28.60909,77.0325413,NO2,45,71,56
India,Delhi,Delhi,"Najafgarh, Delhi - DPCC",26-01-2026 18:00:00,28.570173,76.933762,PM10,72,131,109
India,Delhi,Delhi,"Najafgarh, Delhi - DPCC",26-01-2026 18:00:00,28.570173,76.933762,SO2,19,35,23
India,Delhi,Delhi,"Najafgarh, Delhi - DPCC",26-01-2026 18:00:00,28.570173,76.933762,OZONE,4,10,6
India,Delhi,Delhi,"Narela, Delhi - DPCC",26-01-2026 18:00:00,28.822836,77.101981,CO,24,60,30
India,Delhi,Delhi,"Nehru Nagar, Delhi - DPCC",26-01-2026 18:00:00,28.567890,77.250515,PM10,135,322,188
India,Delhi,Delhi,"Nehru Nagar, Delhi - DPCC",26-01-2026 18:00:00,28.567890,77.250515,NO2,39,93,58
India,Delhi,Delhi,"Patparganj, Delhi - DPCC",26-01-2026 18:00:00,28.623763,77.287209,NH3,8,11,9
India,Delhi,Delhi,"Patparganj, Delhi - DPCC",26-01-2026 18:00:00,28.623763,77.287209,CO,31,121,40
India,Delhi,Delhi,"Punjabi Bagh, Delhi - DPCC",26-01-2026 18:00:00,28.674045,77.131023,PM2.5,93,383,278
India,Delhi,Delhi,"Pusa, Delhi - DPCC",26-01-2026 18:00:00,28.639652,77.146275,SO2,4,12,7
India,Delhi,Delhi,"Pusa, Delhi - DPCC",26-01-2026 18:00:00,28.639652,77.146275,CO,52,109,64
India,Delhi,Delhi,"Pusa, Delhi - IMD",26-01-2026 18:00:00,28.636110,77.173332,PM2.5,63,320,161
India,Delhi,Delhi,"R K Puram, Delhi - DPCC",26-01-2026 18:00:00,28.563262,77.186937,CO,34,105,55
India,Delhi,Delhi,"Sirifort, Delhi - CPCB",26-01-2026 18:00:00,28.5504249,77.2159377,PM2.5,107,337,261
India,Delhi,Delhi,"Sirifort, Delhi - CPCB",26-01-2026 18:00:00,28.5504249,77.2159377,PM10,138,374,190
India,Delhi,Delhi,"Sirifort, Delhi - CPCB",26-01-2026 18:00:00,28.5504249,77.2159377,CO,17,101,22
India,Delhi,Delhi,"Sirifort, Delhi - CPCB",26-01-2026 18:00:00,28.5504249,77.2159377,OZONE,20,26,23
India,Delhi,Delhi,"Sri Aurobindo Marg, Delhi - DPCC",26-01-2026 18:00:00,28.531346,77.190156,NH3,5,7,6
India,Delhi,Delhi,"Sri Aurobindo Marg, Delhi - DPCC",26-01-2026 18:00:00,28.531346,77.190156,SO2,4,16,10
India,Bihar,Muzaffarpur,"Buddha Colony, Muzaffarpur - BSPCB",26-01-2026 18:00:00,26.11442,85.39813,CO,38,103,49
India,Bihar,Muzaffarpur,"Buddha Colony, Muzaffarpur - BSPCB",26-01-2026 18:00:00,26.11442,85.39813,OZONE,26,75,65
India,Bihar,Muzaffarpur,"MIT-Daudpur Kothi, Muzaffarpur - BSPCB",26-01-2026 18:00:00,26.1403345,85.3650192,NH3,1,2,2
India,Bihar,Muzaffarpur,"MIT-Daudpur Kothi, Muzaffarpur - BSPCB",26-01-2026 18:00:00,26.1403345,85.3650192,CO,38,50,43
India,Bihar,Muzaffarpur,"Muzaffarpur Collectorate, Muzaffarpur - BSPCB",26-01-2026 18:00:00,26.1209,85.3647,CO,16,40,26
India,Bihar,Patna,"DRM Office Danapur, Patna - BSPCB",26-01-2026 18:00:00,25.586562,85.043586,PM10,80,150,114
India,Bihar,Patna,"DRM Office Danapur, Patna - BSPCB",26-01-2026 18:00:00,25.586562,85.043586,OZONE,16,31,28
India,Bihar,Patna,"Govt. High School Shikarpur, Patna - BSPCB",26-01-2026 18:00:00,25.592539,85.227158,PM10,95,111,103
India,Bihar,Patna,"Govt. High School Shikarpur, Patna - BSPCB",26-01-2026 18:00:00,25.592539,85.227158,NO2,15,19,16
India,Bihar,Patna,"IGSC Planetarium Complex, Patna - BSPCB",26-01-2026 18:00:00,25.610369,85.132568,PM2.5,63,99,90
India,Bihar,Patna,"Muradpur, Patna - BSPCB",26-01-2026 18:00:00,25.619651,85.147382,SO2,7,10,9
India,Andhra_Pradesh,Rajamahendravaram,"Anand Kala Kshetram, Rajamahendravaram - APPCB",26-01-2026 18:00:00,16.9872867,81.7363176,NH3,4,7,5
India,Andhra_Pradesh,Rajamahendravaram,"Anand Kala Kshetram, Rajamahendravaram - APPCB",26-01-2026 18:00:00,16.9872867,81.7363176,OZONE,16,36,32
India,Andhra_Pradesh,Tirupati,"Vaikuntapuram, Tirupati - APPCB",26-01-2026 18:00:00,13.615387,79.409230,PM2.5,55,57,56
India,Andhra_Pradesh,Tirupati,"Vaikuntapuram, Tirupati - APPCB",26-01-2026 18:00:00,13.615387,79.409230,NH3,5,6,5
India,Andhra_Pradesh,Tirupati,"Vaikuntapuram, Tirupati - APPCB",26-01-2026 18:00:00,13.615387,79.409230,CO,15,22,18
India,Andhra_Pradesh,Vijayawada,"HB Colony, Vijayawada - APPCB",26-01-2026 18:00:00,16.536107,80.594233,PM2.5,53,67,59
India,Andhra_Pradesh,Vijayawada,"Kanuru, Vijayawada - APPCB",26-01-2026 18:00:00,16.486692,80.699436,PM10,46,49,48
India,Andhra_Pradesh,Vijayawada,"Kanuru, Vijayawada - APPCB",26-01-2026 18:00:00,16.486692,80.699436,NO2,30,39,33
India,Andhra_Pradesh,Vijayawada,"Kanuru, Vijayawada - APPCB",26-01-2026 18:00:00,16.486692,80.699436,SO2,14,18,15
India,Bihar,Arrah,"New DM Office, Arrah - BSPCB",26-01-2026 18:00:00,25.5626095,84.663264,NO2,6,8,7
India,Bihar,Arrah,"New DM Office, Arrah - BSPCB",26-01-2026 18:00:00,25.5626095,84.663264,NH3,1,1,1
India,Bihar,Begusarai,"Lohiyanagar, Begusarai - BSPCB",26-01-2026 18:00:00,25.42742023,86.13886079,OZONE,15,19,18
India,Bihar,Bettiah,"Kamalnath Nagar, Bettiah - BSPCB",26-01-2026 18:00:00,26.80365,84.51954,OZONE,22,24,22
India,Bihar,Bhagalpur,"DM Office_Kachari Chowk, Bhagalpur - BSPCB",26-01-2026 18:00:00,25.251013,86.989001,PM10,50,140,96
India,Bihar,Bhagalpur,"DM Office_Kachari Chowk, Bhagalpur - BSPCB",26-01-2026 18:00:00,25.251013,86.989001,SO2,25,73,50
India,Bihar,Bhagalpur,"DM Office_Kachari Chowk, Bhagalpur - BSPCB",26-01-2026 18:00:00,25.251013,86.989001,OZONE,12,27,17
India,Bihar,Bhagalpur,"Mayaganj, Bhagalpur - BSPCB",26-01-2026 18:00:00,25.265194,87.012947,SO2,52,63,57
India,Bihar,Patna,"Rajbansi Nagar, Patna - BSPCB",26-01-2026 18:00:00,25.599486,85.113666,PM2.5,62,95,79
India,Bihar,Patna,"Rajbansi Nagar, Patna - BSPCB",26-01-2026 18:00:00,25.599486,85.113666,NH3,6,7,6
India,Bihar,Patna,"Rajbansi Nagar, Patna - BSPCB",26-01-2026 18:00:00,25.599486,85.113666,SO2,6,7,6
India,Bihar,Patna,"Samanpura, Patna - BSPCB",26-01-2026 18:00:00,25.596727,85.085624,OZONE,9,111,102
India,Bihar,Purnia,"Mariam Nagar, Purnia - BSPCB",26-01-2026 18:00:00,25.366336,87.117468,PM10,62,89,78
India,Bihar,Rajgir,"Dangi Tola, Rajgir - BSPCB",26-01-2026 18:00:00,25.03280,85.41948,SO2,15,25,20
India,Bihar,Samastipur,"DM Office_Kasipur, Samastipur - BSPCB",26-01-2026 18:00:00,25.859655,85.77944,OZONE,7,9,8
India,Andhra_Pradesh,Vijayawada,"Rajiv Nagar, Vijayawada - APPCB",26-01-2026 18:00:00,16.554731,80.649110,PM2.5,NA,NA,NA
India,Andhra_Pradesh,Visakhapatnam,"GVM Corporation, Visakhapatnam - APPCB",26-01-2026 18:00:00,17.72,83.3,SO2,1,24,10
India,Arunachal_Pradesh,Naharlagun,"Naharlagun, Naharlagun - APSPCB",26-01-2026 18:00:00,27.103358,93.679645,PM2.5,27,500,171
India,Arunachal_Pradesh,Naharlagun,"Naharlagun, Naharlagun - APSPCB",26-01-2026 18:00:00,27.103358,93.679645,PM10,32,500,159
India,Assam,Byrnihat,"Central Academy for SFS, Byrnihat - PCBA",26-01-2026 18:00:00,26.071318,91.87488,NO2,4,10,7
India,Bihar,Katihar,"Mirchaibari, Katihar - BSPCB",26-01-2026 18:00:00,25.560083,87.553265,SO2,14,20,16
India,Bihar,Kishanganj,"SDM Office_Khagra, Kishanganj - BSPCB",26-01-2026 18:00:00,26.0881305,87.93840336,PM10,28,88,58
India,Bihar,Motihari,"Gandak Colony, Motihari - BSPCB",26-01-2026 18:00:00,26.63086,84.90051,NH3,NA,NA,NA
India,Bihar,Motihari,"Gandak Colony, Motihari - BSPCB",26-01-2026 18:00:00,26.63086,84.90051,CO,15,20,17
India,Bihar,Motihari,"Gandak Colony, Motihari - BSPCB",26-01-2026 18:00:00,26.63086,84.90051,OZONE,3,8,7
India,Bihar,Munger,"Town Hall, Munger - BSPCB",26-01-2026 18:00:00,25.376776,86.471523,NO2,4,5,5
India,Bihar,Sasaram,"Dada Peer, Sasaram - BSPCB",26-01-2026 18:00:00,24.952822,84.002396,PM10,54,104,72
India,Bihar,Sasaram,"Dada Peer, Sasaram - BSPCB",26-01-2026 18:00:00,24.952822,84.002396,NO2,2,6,2
India,Bihar,Sasaram,"Dada Peer, Sasaram - BSPCB",26-01-2026 18:00:00,24.952822,84.002396,CO,49,88,52
India,Chandigarh,Chandigarh,"Sector-25, Chandigarh - CPCC",26-01-2026 18:00:00,30.751462,76.762879,PM10,63,125,100
India,Chandigarh,Chandigarh,"Sector-25, Chandigarh - CPCC",26-01-2026 18:00:00,30.751462,76.762879,NO2,11,38,21
India,Chhattisgarh,Bhilai,"Civic Center, Bhilai - Bhilai Steel Plant",26-01-2026 18:00:00,21.185571,81.343175,PM2.5,36,143,77
India,Assam,Nagaon,"Christianpatty, Nagaon - PCBA",26-01-2026 18:00:00,26.349082,92.68449,NO2,1,1,1
India,Assam,Nagaon,"Christianpatty, Nagaon - PCBA",26-01-2026 18:00:00,26.349082,92.68449,OZONE,7,10,9
India,Assam,Nalbari,"Bata Chowk, Nalbari - PCBA",26-01-2026 18:00:00,26.446912,91.439057,NO2,8,15,14
India,Assam,Sivasagar,"Girls College, Sivasagar - PCBA",26-01-2026 18:00:00,26.987634,94.636574,NO2,29,54,38
India,Bihar,Bihar Sharif,"D M Colony, Bihar Sharif - BSPCB",26-01-2026 18:00:00,25.204762,85.514960,NO2,9,10,9
India,Bihar,Gaya,"SFTI Kusdihra, Gaya - BSPCB",26-01-2026 18:00:00,24.762518,84.982348,PM2.5,NA,NA,NA
India,Bihar,Gaya,"SFTI Kusdihra, Gaya - BSPCB",26-01-2026 18:00:00,24.762518,84.982348,PM10,NA,NA,NA
India,Bihar,Gaya,"SFTI Kusdihra, Gaya - BSPCB",26-01-2026 18:00:00,24.762518,84.982348,NH3,NA,NA,NA
India,Bihar,Gaya,"SFTI Kusdihra, Gaya - BSPCB",26-01-2026 18:00:00,24.762518,84.982348,CO,NA,NA,NA
India,Andhra_Pradesh,Amaravati,"Secretariat, Amaravati - APPCB",26-01-2026 18:00:00,16.5150833,80.5181667,OZONE,27,67,61
India,Andhra_Pradesh,Anantapur,"Gulzarpet, Anantapur - APPCB",26-01-2026 18:00:00,14.675886,77.593027,OZONE,12,16,13
India,Chhattisgarh,Chhal,"Nawapara SECL Colony, Chhal - CECB",26-01-2026 18:00:00,22.118125,83.140608,PM10,NA,NA,NA
India,Chhattisgarh,Chhal,"Nawapara SECL Colony, Chhal - CECB",26-01-2026 18:00:00,22.118125,83.140608,NO2,NA,NA,NA
India,Chhattisgarh,Kunjemura,"OP Jindal School, Kunjemura - CECB",26-01-2026 18:00:00,22.126650,83.483212,NH3,2,2,2
India,Chhattisgarh,Raipur,"AIIMS, Raipur - CECB",26-01-2026 18:00:00,21.258815,81.578979,NH3,4,4,4
India,Chhattisgarh,Raipur,"Krishak Nagar, Raipur - CECB",26-01-2026 18:00:00,21.237755,81.705301,NO2,20,33,27
India,Chhattisgarh,Raipur,"Krishak Nagar, Raipur - CECB",26-01-2026 18:00:00,21.237755,81.705301,SO2,4,7,5
India,Chhattisgarh,Raipur,"Krishak Nagar, Raipur - CECB",26-01-2026 18:00:00,21.237755,81.705301,OZONE,11,22,16
India,Chhattisgarh,Raipur,"Siltara Phase-II, Raipur - CECB",26-01-2026 18:00:00,21.371751,81.664929,PM2.5,43,312,125
India,Chhattisgarh,Raipur,"Siltara Phase-II, Raipur - CECB",26-01-2026 18:00:00,21.371751,81.664929,NH3,2,2,2
India,Chhattisgarh,Raipur,"Siltara Phase-II, Raipur - CECB",26-01-2026 18:00:00,21.371751,81.664929,OZONE,3,4,3
India,Delhi,Delhi,"Alipur, Delhi - DPCC",26-01-2026 18:00:00,28.815329,77.153010,NH3,15,19,17
India,Delhi,Delhi,"Anand Vihar, Delhi - DPCC",26-01-2026 18:00:00,28.647622,77.3158090,NO2,50,94,71
India,Delhi,Delhi,"Anand Vihar, Delhi - DPCC",26-01-2026 18:00:00,28.647622,77.3158090,NH3,5,8,7
India,Delhi,Delhi,"Anand Vihar, Delhi - DPCC",26-01-2026 18:00:00,28.647622,77.3158090,OZONE,2,12,6
India,Delhi,Delhi,"Ashok Vihar, Delhi - DPCC",26-01-2026 18:00:00,28.695381,77.181665,NH3,8,8,8
India,Delhi,Delhi,"Aya Nagar, Delhi - IMD",26-01-2026 18:00:00,28.4706914,77.1099364,PM10,129,225,164
India,Delhi,Delhi,"CRRI Mathura Road, Delhi - IMD",26-01-2026 18:00:00,28.5512005,77.2735737,NO2,17,42,28
India,Delhi,Delhi,"Chandni Chowk, Delhi - IITM",26-01-2026 18:00:00,28.656756,77.227234,CO,76,113,88
India,Delhi,Delhi,"DTU, Delhi - CPCB",26-01-2026 18:00:00,28.7500499,77.1112615,PM10,102,237,157
India,Delhi,Delhi,"DTU, Delhi - CPCB",26-01-2026 18:00:00,28.7500499,77.1112615,NO2,19,33,25
India,Delhi,Delhi,"DTU, Delhi - CPCB",26-01-2026 18:00:00,28.7500499,77.1112615,OZONE,10,34,22
India,Delhi,Delhi,"Dr. Karni Singh Shooting Range, Delhi - DPCC",26-01-2026 18:00:00,28.498571,77.264840,PM2.5,120,356,256
India,Delhi,Delhi,"Dr. Karni Singh Shooting Range, Delhi - DPCC",26-01-2026 18:00:00,28.498571,77.264840,CO,25,102,28
India,Delhi,Delhi,"IIT Delhi, Delhi - IITM",26-01-2026 18:00:00,28.542460,77.191651,CO,31,96,36
India,Delhi,Delhi,"IIT Delhi, Delhi - IITM",26-01-2026 18:00:00,28.542460,77.191651,OZONE,3,75,60
India,Delhi,Delhi,"ITO, Delhi - CPCB",26-01-2026 18:00:00,28.628624,77.241060,SO2,9,25,16
India,Delhi,Delhi,"Jahangirpuri, Delhi - DPCC",26-01-2026 18:00:00,28.732820,77.170633,NH3,26,36,33
India,Delhi,Delhi,"Jahangirpuri, Delhi - DPCC",26-01-2026 18:00:00,28.732820,77.170633,SO2,39,60,48
India,Delhi,Delhi,"Jawaharlal Nehru Stadium, Delhi - DPCC",26-01-2026 18:00:00,28.580280,77.233829,CO,56,111,79
India,Delhi,Delhi,"Lodhi Road, Delhi - IMD",26-01-2026 18:00:00,28.5918245,77.2273074,PM2.5,75,241,121
India,Delhi,Delhi,"Lodhi Road, Delhi - IMD",26-01-2026 18:00:00,28.5918245,77.2273074,PM10,104,189,140
India,Delhi,Delhi,"Major Dhyan Chand National Stadium, Delhi - DPCC",26-01-2026 18:00:00,28.611281,77.237738,NH3,15,18,16
India,Delhi,Delhi,"Mandir Marg, Delhi - DPCC",26-01-2026 18:00:00,28.636429,77.201067,PM2.5,5,335,138
India,Delhi,Delhi,"Mandir Marg, Delhi - DPCC",26-01-2026 18:00:00,28.636429,77.201067,SO2,13,40,25
India,Delhi,Delhi,"Mundka, Delhi - DPCC",26-01-2026 18:00:00,28.684678,77.076574,PM10,104,472,212
India,Delhi,Delhi,"Najafgarh, Delhi - DPCC",26-01-2026 18:00:00,28.570173,76.933762,NO2,77,110,96
India,Delhi,Delhi,"Najafgarh, Delhi - DPCC",26-01-2026 18:00:00,28.570173,76.933762,CO,16,108,24
India,Delhi,Delhi,"Narela, Delhi - DPCC",26-01-2026 18:00:00,28.822836,77.101981,PM2.5,100,325,250
India,Delhi,Delhi,"Narela, Delhi - DPCC",26-01-2026 18:00:00,28.822836,77.101981,PM10,121,196,165
India,Delhi,Delhi,"Narela, Delhi - DPCC",26-01-2026 18:00:00,28.822836,77.101981,NH3,5,7,6
India,Delhi,Delhi,"Narela, Delhi - DPCC",26-01-2026 18:00:00,28.822836,77.101981,SO2,10,19,14
India,Delhi,Delhi,"Narela, Delhi - DPCC",26-01-2026 18:00:00,28.822836,77.101981,OZONE,1,124,83
India,Delhi,Delhi,"Nehru Nagar, Delhi - DPCC",26-01-2026 18:00:00,28.567890,77.250515,CO,4,121,6
India,Delhi,Delhi,"North Campus, DU, Delhi - IMD",26-01-2026 18:00:00,28.6573814,77.1585447,NO2,14,28,20
India,Delhi,Delhi,"North Campus, DU, Delhi - IMD",26-01-2026 18:00:00,28.6573814,77.1585447,CO,37,118,41
India,Delhi,Delhi,"Okhla Phase-2, Delhi - DPCC",26-01-2026 18:00:00,28.530785,77.271255,PM2.5,167,339,257
India,Delhi,Delhi,"Okhla Phase-2, Delhi - DPCC",26-01-2026 18:00:00,28.530785,77.271255,PM10,122,251,166
India,Delhi,Delhi,"Okhla Phase-2, Delhi - DPCC",26-01-2026 18:00:00,28.530785,77.271255,NO2,82,175,126
India,Delhi,Delhi,"Okhla Phase-2, Delhi - DPCC",26-01-2026 18:00:00,28.530785,77.271255,NH3,16,22,19
India,Delhi,Delhi,"Punjabi Bagh, Delhi - DPCC",26-01-2026 18:00:00,28.674045,77.131023,PM10,126,354,188
India,Delhi,Delhi,"Punjabi Bagh, Delhi - DPCC",26-01-2026 18:00:00,28.674045,77.131023,NO2,32,70,45
India,Delhi,Delhi,"Rohini, Delhi - DPCC",26-01-2026 18:00:00,28.732528,77.119920,CO,19,104,29
India,Delhi,Delhi,"Shadipur, Delhi - CPCB",26-01-2026 18:00:00,28.6514781,77.1473105,NO2,41,114,70
India,Delhi,Delhi,"Sirifort, Delhi - CPCB",26-01-2026 18:00:00,28.5504249,77.2159377,SO2,28,33,31
India,Delhi,Delhi,"Sonia Vihar, Delhi - DPCC",26-01-2026 18:00:00,28.710508,77.249485,NO2,27,72,44
India,Delhi,Delhi,"Sonia Vihar, Delhi - DPCC",26-01-2026 18:00:00,28.710508,77.249485,OZONE,3,190,150
India,Delhi,Delhi,"Vivek Vihar, Delhi - DPCC",26-01-2026 18:00:00,28.672342,77.315260,SO2,4,33,13
India,Delhi,Delhi,"Vivek Vihar, Delhi - DPCC",26-01-2026 18:00:00,28.672342,77.315260,OZONE,1,175,116
India,Delhi,Delhi,"Wazirpur, Delhi - DPCC",26-01-2026 18:00:00,28.699793,77.165453,NH3,12,16,14
India,Delhi,Delhi,"Wazirpur, Delhi - DPCC",26-01-2026 18:00:00,28.699793,77.165453,OZONE,6,50,24
India,Gujarat,Ahmedabad,"Chandkheda, Ahmedabad - IITM",26-01-2026 18:00:00,23.107969,72.574648,NO2,15,68,28
India,Gujarat,Ahmedabad,"Chandkheda, Ahmedabad - IITM",26-01-2026 18:00:00,23.107969,72.574648,NH3,3,6,4
India,Gujarat,Ahmedabad,"Chandkheda, Ahmedabad - IITM",26-01-2026 18:00:00,23.107969,72.574648,OZONE,5,54,42
India,Bihar,Purnia,"Mariam Nagar, Purnia - BSPCB",26-01-2026 18:00:00,25.366336,87.117468,NO2,4,8,6
India,Bihar,Purnia,"Mariam Nagar, Purnia - BSPCB",26-01-2026 18:00:00,25.366336,87.117468,NH3,3,3,3
India,Bihar,Purnia,"Mariam Nagar, Purnia - BSPCB",26-01-2026 18:00:00,25.366336,87.117468,SO2,13,23,17
India,Bihar,Purnia,"Mariam Nagar, Purnia - BSPCB",26-01-2026 18:00:00,25.366336,87.117468,OZONE,14,34,31
India,Bihar,Rajgir,"Dangi Tola, Rajgir - BSPCB",26-01-2026 18:00:00,25.03280,85.41948,NO2,8,10,9
India,Bihar,Rajgir,"Dangi Tola, Rajgir - BSPCB",26-01-2026 18:00:00,25.03280,85.41948,NH3,5,8,6
India,Bihar,Rajgir,"Dangi Tola, Rajgir - BSPCB",26-01-2026 18:00:00,25.03280,85.41948,OZONE,30,34,32
India,Bihar,Saharsa,"Police Line, Saharsa - BSPCB",26-01-2026 18:00:00,25.892357,86.590325,PM2.5,33,197,102
India,Bihar,Saharsa,"Police Line, Saharsa - BSPCB",26-01-2026 18:00:00,25.892357,86.590325,NH3,4,4,4
India,Bihar,Samastipur,"DM Office_Kasipur, Samastipur - BSPCB",26-01-2026 18:00:00,25.859655,85.77944,NO2,NA,NA,NA
India,Bihar,Samastipur,"DM Office_Kasipur, Samastipur - BSPCB",26-01-2026 18:00:00,25.859655,85.77944,NH3,NA,NA,NA
India,Bihar,Sasaram,"Dada Peer, Sasaram - BSPCB",26-01-2026 18:00:00,24.952822,84.002396,SO2,2,5,4
India,Bihar,Siwan,"Chitragupta Nagar, Siwan - BSPCB",26-01-2026 18:00:00,26.2271665,84.3570427,PM2.5,7,167,61
India,Assam,Nalbari,"Bata Chowk, Nalbari - PCBA",26-01-2026 18:00:00,26.446912,91.439057,NH3,3,6,6
India,Assam,Silchar,"Tarapur, Silchar - PCBA",26-01-2026 18:00:00,24.82827,92.79525,NO2,21,25,24
India,Assam,Silchar,"Tarapur, Silchar - PCBA",26-01-2026 18:00:00,24.82827,92.79525,CO,16,53,45
India,Assam,Silchar,"Tarapur, Silchar - PCBA",26-01-2026 18:00:00,24.82827,92.79525,OZONE,2,3,2
India,Assam,Sivasagar,"Girls College, Sivasagar - PCBA",26-01-2026 18:00:00,26.987634,94.636574,SO2,11,15,14
India,Bihar,Araria,"Kharahiya Basti, Araria - BSPCB",26-01-2026 18:00:00,26.146529,87.454184,NO2,1,9,3
India,Bihar,Araria,"Kharahiya Basti, Araria - BSPCB",26-01-2026 18:00:00,26.146529,87.454184,CO,21,34,27
India,Bihar,Arrah,"New DM Office, Arrah - BSPCB",26-01-2026 18:00:00,25.5626095,84.663264,PM10,27,75,56
India,Bihar,Aurangabad,"Gurdeo Nagar, Aurangabad - BSPCB",26-01-2026 18:00:00,24.75746,84.366208,PM2.5,NA,NA,NA
India,Bihar,Aurangabad,"Gurdeo Nagar, Aurangabad - BSPCB",26-01-2026 18:00:00,24.75746,84.366208,PM10,NA,NA,NA
India,Bihar,Aurangabad,"Gurdeo Nagar, Aurangabad - BSPCB",26-01-2026 18:00:00,24.75746,84.366208,NH3,1,2,2
India,Bihar,Aurangabad,"Gurdeo Nagar, Aurangabad - BSPCB",26-01-2026 18:00:00,24.75746,84.366208,SO2,8,13,10
India,Andhra_Pradesh,Amaravati,"Secretariat, Amaravati - APPCB",26-01-2026 18:00:00,16.5150833,80.5181667,PM10,29,340,142
India,Andhra_Pradesh,Anantapur,"Gulzarpet, Anantapur - APPCB",26-01-2026 18:00:00,14.675886,77.593027,PM10,66,78,70
India,Andhra_Pradesh,Anantapur,"Gulzarpet, Anantapur - APPCB",26-01-2026 18:00:00,14.675886,77.593027,NO2,14,14,14
India,Andhra_Pradesh,Anantapur,"Gulzarpet, Anantapur - APPCB",26-01-2026 18:00:00,14.675886,77.593027,CO,22,27,24
India,Andhra_Pradesh,Chittoor,"Gangineni Cheruvu, Chittoor - APPCB",26-01-2026 18:00:00,13.204880,79.097889,PM10,60,85,68
India,Andhra_Pradesh,Chittoor,"Gangineni Cheruvu, Chittoor - APPCB",26-01-2026 18:00:00,13.204880,79.097889,NH3,6,7,7
India,Andhra_Pradesh,Chittoor,"Gangineni Cheruvu, Chittoor - APPCB",26-01-2026 18:00:00,13.204880,79.097889,CO,34,70,42
India,Andhra_Pradesh,Kadapa,"Yerramukkapalli, Kadapa - APPCB",26-01-2026 18:00:00,14.465052,78.824187,PM2.5,55,74,64
India,Andhra_Pradesh,Kadapa,"Yerramukkapalli, Kadapa - APPCB",26-01-2026 18:00:00,14.465052,78.824187,OZONE,20,22,21
India,Andhra_Pradesh,Rajamahendravaram,"Anand Kala Kshetram, Rajamahendravaram - APPCB",26-01-2026 18:00:00,16.9872867,81.7363176,PM2.5,75,125,93
India,Andhra_Pradesh,Rajamahendravaram,"Anand Kala Kshetram, Rajamahendravaram - APPCB",26-01-2026 18:00:00,16.9872867,81.7363176,PM10,83,130,103
India,Arunachal_Pradesh,Naharlagun,"Naharlagun, Naharlagun - APSPCB",26-01-2026 18:00:00,27.103358,93.679645,NH3,1,1,1
India,Assam,Byrnihat,"Central Academy for SFS, Byrnihat - PCBA",26-01-2026 18:00:00,26.071318,91.87488,NH3,4,5,4
India,Assam,Guwahati,"LGBI Airport, Guwahati - PCBA",26-01-2026 18:00:00,26.10887,91.589544,NH3,5,6,5
India,Assam,Guwahati,"LGBI Airport, Guwahati - PCBA",26-01-2026 18:00:00,26.10887,91.589544,OZONE,12,14,14
India,Assam,Guwahati,"Pan Bazaar, Guwahati - PCBA",26-01-2026 18:00:00,26.187500,91.744194,SO2,22,48,32
India,Assam,Guwahati,"Pan Bazaar, Guwahati - PCBA",26-01-2026 18:00:00,26.187500,91.744194,CO,11,78,19
India,Assam,Guwahati,"Railway Colony, Guwahati - PCBA",26-01-2026 18:00:00,26.181742,91.78063,PM2.5,88,382,231
India,Assam,Guwahati,"Railway Colony, Guwahati - PCBA",26-01-2026 18:00:00,26.181742,91.78063,NO2,3,3,3
India,Assam,Guwahati,"Railway Colony, Guwahati - PCBA",26-01-2026 18:00:00,26.181742,91.78063,CO,36,107,46
India,Assam,Nagaon,"Christianpatty, Nagaon - PCBA",26-01-2026 18:00:00,26.349082,92.68449,PM10,98,131,115
India,Bihar,Begusarai,"Lohiyanagar, Begusarai - BSPCB",26-01-2026 18:00:00,25.42742023,86.13886079,NH3,10,11,11
India,Bihar,Begusarai,"Lohiyanagar, Begusarai - BSPCB",26-01-2026 18:00:00,25.42742023,86.13886079,SO2,27,32,29
India,Bihar,Bettiah,"Kamalnath Nagar, Bettiah - BSPCB",26-01-2026 18:00:00,26.80365,84.51954,PM2.5,38,130,72
India,Bihar,Bhagalpur,"Mayaganj, Bhagalpur - BSPCB",26-01-2026 18:00:00,25.265194,87.012947,PM2.5,33,130,76
India,Bihar,Bhagalpur,"Mayaganj, Bhagalpur - BSPCB",26-01-2026 18:00:00,25.265194,87.012947,NH3,10,13,12
India,Bihar,Bihar Sharif,"D M Colony, Bihar Sharif - BSPCB",26-01-2026 18:00:00,25.204762,85.514960,CO,47,76,56
India,Bihar,Buxar,"Charitra Van, Buxar - BSPCB",26-01-2026 18:00:00,25.567520,83.966379,PM10,62,105,88
India,Bihar,Chhapra,"Darshan Nagar, Chhapra - BSPCB",26-01-2026 18:00:00,25.7808257,84.7446768,PM2.5,28,98,60
India,Bihar,Chhapra,"Darshan Nagar, Chhapra - BSPCB",26-01-2026 18:00:00,25.7808257,84.7446768,PM10,40,101,69
India,Bihar,Patna,"DRM Office Danapur, Patna - BSPCB",26-01-2026 18:00:00,25.586562,85.043586,PM2.5,66,187,119
India,Bihar,Patna,"DRM Office Danapur, Patna - BSPCB",26-01-2026 18:00:00,25.586562,85.043586,SO2,5,8,6
India,Bihar,Patna,"Govt. High School Shikarpur, Patna - BSPCB",26-01-2026 18:00:00,25.592539,85.227158,PM2.5,68,84,75
India,Bihar,Patna,"IGSC Planetarium Complex, Patna - BSPCB",26-01-2026 18:00:00,25.610369,85.132568,NO2,21,24,22
India,Bihar,Patna,"Muradpur, Patna - BSPCB",26-01-2026 18:00:00,25.619651,85.147382,PM10,73,135,104
India,Bihar,Patna,"Muradpur, Patna - BSPCB",26-01-2026 18:00:00,25.619651,85.147382,NO2,6,8,7
India,Bihar,Patna,"Rajbansi Nagar, Patna - BSPCB",26-01-2026 18:00:00,25.599486,85.113666,CO,19,45,27
India,Bihar,Patna,"Samanpura, Patna - BSPCB",26-01-2026 18:00:00,25.596727,85.085624,NH3,5,6,5
India,Andhra_Pradesh,Tirupati,"Vaikuntapuram, Tirupati - APPCB",26-01-2026 18:00:00,13.615387,79.409230,PM10,68,72,70
India,Andhra_Pradesh,Tirupati,"Vaikuntapuram, Tirupati - APPCB",26-01-2026 18:00:00,13.615387,79.409230,OZONE,13,14,14
India,Andhra_Pradesh,Vijayawada,"Rajiv Gandhi Park, Vijayawada - APPCB",26-01-2026 18:00:00,16.509717,80.612222,PM2.5,77,121,93
India,Andhra_Pradesh,Vijayawada,"Rajiv Gandhi Park, Vijayawada - APPCB",26-01-2026 18:00:00,16.509717,80.612222,PM10,71,101,84
India,Andhra_Pradesh,Vijayawada,"Rajiv Gandhi Park, Vijayawada - APPCB",26-01-2026 18:00:00,16.509717,80.612222,CO,34,34,34
India,Andhra_Pradesh,Vijayawada,"Rajiv Gandhi Park, Vijayawada - APPCB",26-01-2026 18:00:00,16.509717,80.612222,OZONE,14,46,36
India,Andhra_Pradesh,Vijayawada,"Rajiv Nagar, Vijayawada - APPCB",26-01-2026 18:00:00,16.554731,80.649110,PM10,NA,NA,NA
India,Andhra_Pradesh,Vijayawada,"Rajiv Nagar, Vijayawada - APPCB",26-01-2026 18:00:00,16.554731,80.649110,NO2,NA,NA,NA
India,Andhra_Pradesh,Vijayawada,"Rajiv Nagar, Vijayawada - APPCB",26-01-2026 18:00:00,16.554731,80.649110,SO2,NA,NA,NA
India,Bihar,Manguraha,"Forest Rest House, Manguraha - BSPCB",26-01-2026 18:00:00,27.308328,84.531742,PM2.5,37,257,88
India,Bihar,Manguraha,"Forest Rest House, Manguraha - BSPCB",26-01-2026 18:00:00,27.308328,84.531742,OZONE,9,11,10
India,Bihar,Muzaffarpur,"Buddha Colony, Muzaffarpur - BSPCB",26-01-2026 18:00:00,26.11442,85.39813,NH3,6,10,8
India,Bihar,Muzaffarpur,"MIT-Daudpur Kothi, Muzaffarpur - BSPCB",26-01-2026 18:00:00,26.1403345,85.3650192,PM2.5,77,90,86
India,Bihar,Muzaffarpur,"MIT-Daudpur Kothi, Muzaffarpur - BSPCB",26-01-2026 18:00:00,26.1403345,85.3650192,NO2,1,3,2
India,Bihar,Muzaffarpur,"MIT-Daudpur Kothi, Muzaffarpur - BSPCB",26-01-2026 18:00:00,26.1403345,85.3650192,SO2,16,17,16
India,Bihar,Chhapra,"Darshan Nagar, Chhapra - BSPCB",26-01-2026 18:00:00,25.7808257,84.7446768,SO2,26,30,28
India,Bihar,Gaya,"Kareemganj, Gaya - BSPCB",26-01-2026 18:00:00,24.792403,84.992416,SO2,11,16,14
India,Bihar,Katihar,"Mirchaibari, Katihar - BSPCB",26-01-2026 18:00:00,25.560083,87.553265,PM2.5,37,147,86
India,Bihar,Katihar,"Mirchaibari, Katihar - BSPCB",26-01-2026 18:00:00,25.560083,87.553265,NH3,1,1,1
India,Chandigarh,Chandigarh,"Sector 22, Chandigarh - CPCC",26-01-2026 18:00:00,30.735567,76.775714,SO2,3,10,7
India,Chandigarh,Chandigarh,"Sector-25, Chandigarh - CPCC",26-01-2026 18:00:00,30.751462,76.762879,OZONE,1,46,32
India,Chhattisgarh,Bhilai,"32Bungalows, Bhilai - CECB",26-01-2026 18:00:00,21.194815,81.314770,PM2.5,28,68,43
India,Chhattisgarh,Bhilai,"32Bungalows, Bhilai - CECB",26-01-2026 18:00:00,21.194815,81.314770,NO2,33,60,46
India,Chhattisgarh,Bhilai,"32Bungalows, Bhilai - CECB",26-01-2026 18:00:00,21.194815,81.314770,OZONE,2,47,38
India,Chhattisgarh,Bhilai,"Civic Center, Bhilai - Bhilai Steel Plant",26-01-2026 18:00:00,21.185571,81.343175,SO2,7,10,8
India,Chhattisgarh,Bhilai,"Hathkhoj, Bhilai - CECB",26-01-2026 18:00:00,21.224231,81.408350,OZONE,5,18,16
India,Chhattisgarh,Bilaspur,"Mangala, Bilaspur - NTPC",26-01-2026 18:00:00,22.08815,82.13737,PM10,63,140,108
India,Chhattisgarh,Bilaspur,"Mangala, Bilaspur - NTPC",26-01-2026 18:00:00,22.08815,82.13737,CO,48,107,57
India,Chhattisgarh,Chhal,"Nawapara SECL Colony, Chhal - CECB",26-01-2026 18:00:00,22.118125,83.140608,PM2.5,NA,NA,NA
India,Chhattisgarh,Chhal,"Nawapara SECL Colony, Chhal - CECB",26-01-2026 18:00:00,22.118125,83.140608,SO2,NA,NA,NA
India,Chhattisgarh,Chhal,"Nawapara SECL Colony, Chhal - CECB",26-01-2026 18:00:00,22.118125,83.140608,OZONE,56,89,70
India,Chhattisgarh,Korba,"Rampur, Korba - CECB",26-01-2026 18:00:00,22.368195,82.746431,PM2.5,43,65,53
India,Chhattisgarh,Korba,"Rampur, Korba - CECB",26-01-2026 18:00:00,22.368195,82.746431,SO2,5,82,18
India,Chhattisgarh,Korba,"Urja Nagar, Korba - CECB",26-01-2026 18:00:00,22.348441,82.549611,CO,24,50,31
India,Chhattisgarh,Korba,"Urja Nagar, Korba - CECB",26-01-2026 18:00:00,22.348441,82.549611,OZONE,12,26,26
India,Chhattisgarh,Kunjemura,"OP Jindal School, Kunjemura - CECB",26-01-2026 18:00:00,22.126650,83.483212,PM2.5,74,115,96
India,Chhattisgarh,Kunjemura,"OP Jindal School, Kunjemura - CECB",26-01-2026 18:00:00,22.126650,83.483212,NO2,20,81,45
India,Chhattisgarh,Raipur,"AIIMS, Raipur - CECB",26-01-2026 18:00:00,21.258815,81.578979,PM10,33,142,94
India,Chhattisgarh,Raipur,"AIIMS, Raipur - CECB",26-01-2026 18:00:00,21.258815,81.578979,CO,35,70,47
India,Chhattisgarh,Raipur,"Krishak Nagar, Raipur - CECB",26-01-2026 18:00:00,21.237755,81.705301,CO,19,43,28
India,Chhattisgarh,Raipur,"Siltara Phase-II, Raipur - CECB",26-01-2026 18:00:00,21.371751,81.664929,PM10,71,133,105
India,Delhi,Delhi,"Alipur, Delhi - DPCC",26-01-2026 18:00:00,28.815329,77.153010,PM2.5,80,409,272
India,Delhi,Delhi,"Alipur, Delhi - DPCC",26-01-2026 18:00:00,28.815329,77.153010,PM10,111,417,191
India,Delhi,Delhi,"Anand Vihar, Delhi - DPCC",26-01-2026 18:00:00,28.647622,77.3158090,PM10,144,491,288
India,Delhi,Delhi,"Anand Vihar, Delhi - DPCC",26-01-2026 18:00:00,28.647622,77.3158090,SO2,15,38,26
India,Delhi,Delhi,"Ashok Vihar, Delhi - DPCC",26-01-2026 18:00:00,28.695381,77.181665,PM2.5,130,390,283
India,Delhi,Delhi,"Ashok Vihar, Delhi - DPCC",26-01-2026 18:00:00,28.695381,77.181665,SO2,7,27,16
India,Delhi,Delhi,"Bawana, Delhi - DPCC",26-01-2026 18:00:00,28.776200,77.051074,NH3,6,8,7
India,Delhi,Delhi,"Bawana, Delhi - DPCC",26-01-2026 18:00:00,28.776200,77.051074,OZONE,2,210,114
India,Delhi,Delhi,"Burari Crossing, Delhi - IMD",26-01-2026 18:00:00,28.7256504,77.2011573,CO,30,94,36
India,Delhi,Delhi,"Chandni Chowk, Delhi - IITM",26-01-2026 18:00:00,28.656756,77.227234,OZONE,6,88,51
India,Delhi,Delhi,"Dr. Karni Singh Shooting Range, Delhi - DPCC",26-01-2026 18:00:00,28.498571,77.264840,PM10,137,308,174
India,Delhi,Delhi,"Dwarka-Sector 8, Delhi - DPCC ",26-01-2026 18:00:00,28.5710274,77.0719006,PM2.5,107,352,260
India,Delhi,Delhi,"Dwarka-Sector 8, Delhi - DPCC ",26-01-2026 18:00:00,28.5710274,77.0719006,NO2,49,152,77
India,Delhi,Delhi,"Dwarka-Sector 8, Delhi - DPCC ",26-01-2026 18:00:00,28.5710274,77.0719006,NH3,10,17,13
India,Delhi,Delhi,"IGI Airport (T3), Delhi - IMD",26-01-2026 18:00:00,28.5627763,77.1180053,PM10,126,171,149
India,Delhi,Delhi,"IHBAS, Dilshad Garden, Delhi - CPCB",26-01-2026 18:00:00,28.6811736,77.3025234,PM10,104,155,132
India,Delhi,Delhi,"IHBAS, Dilshad Garden, Delhi - CPCB",26-01-2026 18:00:00,28.6811736,77.3025234,NO2,37,100,62
India,Delhi,Delhi,"IHBAS, Dilshad Garden, Delhi - CPCB",26-01-2026 18:00:00,28.6811736,77.3025234,CO,42,89,68
India,Delhi,Delhi,"IIT Delhi, Delhi - IITM",26-01-2026 18:00:00,28.542460,77.191651,PM10,109,185,140
India,Delhi,Delhi,"IIT Delhi, Delhi - IITM",26-01-2026 18:00:00,28.542460,77.191651,NO2,18,68,41
India,Delhi,Delhi,"ITO, Delhi - CPCB",26-01-2026 18:00:00,28.628624,77.241060,CO,28,110,41
India,Delhi,Delhi,"ITO, Delhi - CPCB",26-01-2026 18:00:00,28.628624,77.241060,OZONE,3,44,28
India,Delhi,Delhi,"Jawaharlal Nehru Stadium, Delhi - DPCC",26-01-2026 18:00:00,28.580280,77.233829,PM2.5,88,358,243
India,Delhi,Delhi,"Jawaharlal Nehru Stadium, Delhi - DPCC",26-01-2026 18:00:00,28.580280,77.233829,OZONE,3,181,125
India,Delhi,Delhi,"Lodhi Road, Delhi - IMD",26-01-2026 18:00:00,28.5918245,77.2273074,CO,46,80,49
India,Delhi,Delhi,"Major Dhyan Chand National Stadium, Delhi - DPCC",26-01-2026 18:00:00,28.611281,77.237738,NO2,38,135,77
India,Delhi,Delhi,"Major Dhyan Chand National Stadium, Delhi - DPCC",26-01-2026 18:00:00,28.611281,77.237738,CO,14,108,44
India,Delhi,Delhi,"Mandir Marg, Delhi - DPCC",26-01-2026 18:00:00,28.636429,77.201067,PM10,107,282,158
India,Delhi,Delhi,"Mandir Marg, Delhi - DPCC",26-01-2026 18:00:00,28.636429,77.201067,NO2,45,100,69
India,Delhi,Delhi,"Mandir Marg, Delhi - DPCC",26-01-2026 18:00:00,28.636429,77.201067,NH3,4,7,5
India,Delhi,Delhi,"Mundka, Delhi - DPCC",26-01-2026 18:00:00,28.684678,77.076574,NH3,8,11,9
India,Delhi,Delhi,"Mundka, Delhi - DPCC",26-01-2026 18:00:00,28.684678,77.076574,SO2,5,10,8
India,Delhi,Delhi,"Mundka, Delhi - DPCC",26-01-2026 18:00:00,28.684678,77.076574,CO,35,97,45
India,Delhi,Delhi,"Mundka, Delhi - DPCC",26-01-2026 18:00:00,28.684678,77.076574,OZONE,9,92,76
India,Delhi,Delhi,"NSIT Dwarka, Delhi - CPCB",26-01-2026 18:00:00,28.60909,77.0325413,SO2,10,22,15
India,Delhi,Delhi,"Nehru Nagar, Delhi - DPCC",26-01-2026 18:00:00,28.567890,77.250515,NH3,5,8,6
India,Delhi,Delhi,"North Campus, DU, Delhi - IMD",26-01-2026 18:00:00,28.6573814,77.1585447,PM10,123,236,163
India,Delhi,Delhi,"North Campus, DU, Delhi - IMD",26-01-2026 18:00:00,28.6573814,77.1585447,OZONE,7,308,174
India,Delhi,Delhi,"Okhla Phase-2, Delhi - DPCC",26-01-2026 18:00:00,28.530785,77.271255,SO2,8,62,16
India,Delhi,Delhi,"Punjabi Bagh, Delhi - DPCC",26-01-2026 18:00:00,28.674045,77.131023,SO2,12,25,17
India,Delhi,Delhi,"Punjabi Bagh, Delhi - DPCC",26-01-2026 18:00:00,28.674045,77.131023,CO,47,98,60
India,Delhi,Delhi,"Pusa, Delhi - DPCC",26-01-2026 18:00:00,28.639652,77.146275,PM10,119,467,205
India,Delhi,Delhi,"Pusa, Delhi - DPCC",26-01-2026 18:00:00,28.639652,77.146275,NO2,33,135,65
India,Delhi,Delhi,"Pusa, Delhi - DPCC",26-01-2026 18:00:00,28.639652,77.146275,OZONE,2,78,53
India,Delhi,Delhi,"Pusa, Delhi - IMD",26-01-2026 18:00:00,28.636110,77.173332,CO,91,128,99
India,Delhi,Delhi,"R K Puram, Delhi - DPCC",26-01-2026 18:00:00,28.563262,77.186937,PM2.5,123,374,247
India,Delhi,Delhi,"Rohini, Delhi - DPCC",26-01-2026 18:00:00,28.732528,77.119920,PM10,126,398,212
India,Delhi,Delhi,"Shadipur, Delhi - CPCB",26-01-2026 18:00:00,28.6514781,77.1473105,PM10,120,268,166
India,Delhi,Delhi,"Shadipur, Delhi - CPCB",26-01-2026 18:00:00,28.6514781,77.1473105,OZONE,17,26,20
India,Delhi,Delhi,"Sirifort, Delhi - CPCB",26-01-2026 18:00:00,28.5504249,77.2159377,NH3,2,5,3
India,Delhi,Delhi,"Sonia Vihar, Delhi - DPCC",26-01-2026 18:00:00,28.710508,77.249485,NH3,7,8,7
India,Delhi,Delhi,"Sri Aurobindo Marg, Delhi - DPCC",26-01-2026 18:00:00,28.531346,77.190156,PM10,109,191,132
India,Assam,Nagaon,"Christianpatty, Nagaon - PCBA",26-01-2026 18:00:00,26.349082,92.68449,CO,10,24,21
India,Assam,Nalbari,"Bata Chowk, Nalbari - PCBA",26-01-2026 18:00:00,26.446912,91.439057,SO2,7,8,7
India,Assam,Nalbari,"Bata Chowk, Nalbari - PCBA",26-01-2026 18:00:00,26.446912,91.439057,OZONE,1,16,13
India,Assam,Silchar,"Tarapur, Silchar - PCBA",26-01-2026 18:00:00,24.82827,92.79525,PM2.5,10,74,45
India,Assam,Silchar,"Tarapur, Silchar - PCBA",26-01-2026 18:00:00,24.82827,92.79525,PM10,58,79,69
India,Assam,Sivasagar,"Girls College, Sivasagar - PCBA",26-01-2026 18:00:00,26.987634,94.636574,NH3,5,14,8
India,Assam,Sivasagar,"Girls College, Sivasagar - PCBA",26-01-2026 18:00:00,26.987634,94.636574,CO,16,93,24
India,Bihar,Araria,"Kharahiya Basti, Araria - BSPCB",26-01-2026 18:00:00,26.146529,87.454184,PM2.5,37,304,118
India,Bihar,Araria,"Kharahiya Basti, Araria - BSPCB",26-01-2026 18:00:00,26.146529,87.454184,PM10,32,157,89
India,Bihar,Arrah,"New DM Office, Arrah - BSPCB",26-01-2026 18:00:00,25.5626095,84.663264,OZONE,6,16,8
India,Bihar,Rajgir,"Dangi Tola, Rajgir - BSPCB",26-01-2026 18:00:00,25.03280,85.41948,PM2.5,40,270,124
India,Bihar,Saharsa,"Police Line, Saharsa - BSPCB",26-01-2026 18:00:00,25.892357,86.590325,PM10,59,175,120
India,Bihar,Saharsa,"Police Line, Saharsa - BSPCB",26-01-2026 18:00:00,25.892357,86.590325,NO2,5,9,7
India,Bihar,Saharsa,"Police Line, Saharsa - BSPCB",26-01-2026 18:00:00,25.892357,86.590325,OZONE,9,11,10
India,Bihar,Samastipur,"DM Office_Kasipur, Samastipur - BSPCB",26-01-2026 18:00:00,25.859655,85.77944,PM2.5,NA,NA,NA
India,Bihar,Samastipur,"DM Office_Kasipur, Samastipur - BSPCB",26-01-2026 18:00:00,25.859655,85.77944,CO,8,9,8
India,Bihar,Sasaram,"Dada Peer, Sasaram - BSPCB",26-01-2026 18:00:00,24.952822,84.002396,OZONE,15,21,17
India,Bihar,Siwan,"Chitragupta Nagar, Siwan - BSPCB",26-01-2026 18:00:00,26.2271665,84.3570427,OZONE,15,16,15
India,Chandigarh,Chandigarh,"Sector 22, Chandigarh - CPCC",26-01-2026 18:00:00,30.735567,76.775714,PM2.5,63,328,150
India,Andhra_Pradesh,Vijayawada,"Rajiv Nagar, Vijayawada - APPCB",26-01-2026 18:00:00,16.554731,80.649110,CO,28,36,32
India,Andhra_Pradesh,Vijayawada,"Rajiv Nagar, Vijayawada - APPCB",26-01-2026 18:00:00,16.554731,80.649110,OZONE,16,17,16
India,Andhra_Pradesh,Visakhapatnam,"GVM Corporation, Visakhapatnam - APPCB",26-01-2026 18:00:00,17.72,83.3,PM10,102,403,185
India,Andhra_Pradesh,Visakhapatnam,"GVM Corporation, Visakhapatnam - APPCB",26-01-2026 18:00:00,17.72,83.3,CO,10,64,17
India,Assam,Byrnihat,"Central Academy for SFS, Byrnihat - PCBA",26-01-2026 18:00:00,26.071318,91.87488,PM10,68,110,87
India,Assam,Byrnihat,"Central Academy for SFS, Byrnihat - PCBA",26-01-2026 18:00:00,26.071318,91.87488,OZONE,13,23,20
India,Assam,Guwahati,"LGBI Airport, Guwahati - PCBA",26-01-2026 18:00:00,26.10887,91.589544,PM10,40,145,104
India,Assam,Guwahati,"Railway Colony, Guwahati - PCBA",26-01-2026 18:00:00,26.181742,91.78063,PM10,83,309,158
India,Bihar,Begusarai,"Lohiyanagar, Begusarai - BSPCB",26-01-2026 18:00:00,25.42742023,86.13886079,PM2.5,NA,NA,NA
India,Bihar,Begusarai,"Lohiyanagar, Begusarai - BSPCB",26-01-2026 18:00:00,25.42742023,86.13886079,PM10,NA,NA,NA
India,Bihar,Bettiah,"Kamalnath Nagar, Bettiah - BSPCB",26-01-2026 18:00:00,26.80365,84.51954,PM10,36,106,67
India,Bihar,Bettiah,"Kamalnath Nagar, Bettiah - BSPCB",26-01-2026 18:00:00,26.80365,84.51954,CO,44,93,55
India,Bihar,Bhagalpur,"DM Office_Kachari Chowk, Bhagalpur - BSPCB",26-01-2026 18:00:00,25.251013,86.989001,CO,8,26,18
India,Bihar,Bhagalpur,"Mayaganj, Bhagalpur - BSPCB",26-01-2026 18:00:00,25.265194,87.012947,PM10,67,171,119
India,Bihar,Bihar Sharif,"D M Colony, Bihar Sharif - BSPCB",26-01-2026 18:00:00,25.204762,85.514960,PM2.5,47,257,143
India,Bihar,Bihar Sharif,"D M Colony, Bihar Sharif - BSPCB",26-01-2026 18:00:00,25.204762,85.514960,SO2,10,10,10
India,Andhra_Pradesh,Amaravati,"Secretariat, Amaravati - APPCB",26-01-2026 18:00:00,16.5150833,80.5181667,NO2,14,30,20
India,Andhra_Pradesh,Amaravati,"Secretariat, Amaravati - APPCB",26-01-2026 18:00:00,16.5150833,80.5181667,NH3,4,6,5
India,Andhra_Pradesh,Amaravati,"Secretariat, Amaravati - APPCB",26-01-2026 18:00:00,16.5150833,80.5181667,CO,1,34,12
India,Andhra_Pradesh,Anantapur,"Gulzarpet, Anantapur - APPCB",26-01-2026 18:00:00,14.675886,77.593027,SO2,11,11,11
India,Andhra_Pradesh,Kadapa,"Yerramukkapalli, Kadapa - APPCB",26-01-2026 18:00:00,14.465052,78.824187,PM10,55,76,64
India,Andhra_Pradesh,Kadapa,"Yerramukkapalli, Kadapa - APPCB",26-01-2026 18:00:00,14.465052,78.824187,NH3,4,4,4
India,Andhra_Pradesh,Kadapa,"Yerramukkapalli, Kadapa - APPCB",26-01-2026 18:00:00,14.465052,78.824187,SO2,12,12,12
India,Andhra_Pradesh,Rajamahendravaram,"Anand Kala Kshetram, Rajamahendravaram - APPCB",26-01-2026 18:00:00,16.9872867,81.7363176,NO2,16,42,26
India,Bihar,Chhapra,"Darshan Nagar, Chhapra - BSPCB",26-01-2026 18:00:00,25.7808257,84.7446768,NH3,7,11,9
India,Bihar,Chhapra,"Darshan Nagar, Chhapra - BSPCB",26-01-2026 18:00:00,25.7808257,84.7446768,OZONE,15,20,15
India,Bihar,Gaya,"Kareemganj, Gaya - BSPCB",26-01-2026 18:00:00,24.792403,84.992416,PM2.5,50,335,105
India,Bihar,Gaya,"Kareemganj, Gaya - BSPCB",26-01-2026 18:00:00,24.792403,84.992416,NO2,1,4,2
India,Bihar,Gaya,"SFTI Kusdihra, Gaya - BSPCB",26-01-2026 18:00:00,24.762518,84.982348,SO2,NA,NA,NA
India,Bihar,Hajipur,"Industrial Area, Hajipur - BSPCB",26-01-2026 18:00:00,25.697189,85.245900,PM2.5,84,193,115
India,Bihar,Hajipur,"Industrial Area, Hajipur - BSPCB",26-01-2026 18:00:00,25.697189,85.245900,NH3,14,16,16
India,Bihar,Hajipur,"Industrial Area, Hajipur - BSPCB",26-01-2026 18:00:00,25.697189,85.245900,SO2,5,8,7
India,Bihar,Patna,"IGSC Planetarium Complex, Patna - BSPCB",26-01-2026 18:00:00,25.610369,85.132568,OZONE,28,29,29
India,Bihar,Patna,"Muradpur, Patna - BSPCB",26-01-2026 18:00:00,25.619651,85.147382,NH3,4,5,5
India,Bihar,Patna,"Rajbansi Nagar, Patna - BSPCB",26-01-2026 18:00:00,25.599486,85.113666,PM10,68,116,93
India,Bihar,Patna,"Rajbansi Nagar, Patna - BSPCB",26-01-2026 18:00:00,25.599486,85.113666,NO2,2,36,18
India,Bihar,Patna,"Samanpura, Patna - BSPCB",26-01-2026 18:00:00,25.596727,85.085624,PM10,67,241,155
India,Bihar,Patna,"Samanpura, Patna - BSPCB",26-01-2026 18:00:00,25.596727,85.085624,NO2,21,23,22
India,Bihar,Purnia,"Mariam Nagar, Purnia - BSPCB",26-01-2026 18:00:00,25.366336,87.117468,PM2.5,78,127,103
India,Andhra_Pradesh,Tirumala,"Toll Gate, Tirumala - APPCB",26-01-2026 18:00:00,13.67,79.35,PM2.5,22,56,38
India,Andhra_Pradesh,Tirumala,"Toll Gate, Tirumala - APPCB",26-01-2026 18:00:00,13.67,79.35,CO,2,43,23
India,Andhra_Pradesh,Tirupati,"Vaikuntapuram, Tirupati - APPCB",26-01-2026 18:00:00,13.615387,79.409230,SO2,14,15,15
India,Andhra_Pradesh,Vijayawada,"Kanuru, Vijayawada - APPCB",26-01-2026 18:00:00,16.486692,80.699436,CO,41,48,42
India,Andhra_Pradesh,Vijayawada,"Kanuru, Vijayawada - APPCB",26-01-2026 18:00:00,16.486692,80.699436,OZONE,22,22,22
India,Andhra_Pradesh,Vijayawada,"Rajiv Gandhi Park, Vijayawada - APPCB",26-01-2026 18:00:00,16.509717,80.612222,NH3,3,5,4
India,Bihar,Manguraha,"Forest Rest House, Manguraha - BSPCB",26-01-2026 18:00:00,27.308328,84.531742,NH3,1,2,1
India,Bihar,Motihari,"Gandak Colony, Motihari - BSPCB",26-01-2026 18:00:00,26.63086,84.90051,NO2,NA,NA,NA
India,Bihar,Motihari,"Gandak Colony, Motihari - BSPCB",26-01-2026 18:00:00,26.63086,84.90051,SO2,NA,NA,NA
India,Bihar,Munger,"Town Hall, Munger - BSPCB",26-01-2026 18:00:00,25.376776,86.471523,OZONE,6,10,8
India,Bihar,Kishanganj,"SDM Office_Khagra, Kishanganj - BSPCB",26-01-2026 18:00:00,26.0881305,87.93840336,NO2,9,15,12
India,Chandigarh,Chandigarh,"Sector 22, Chandigarh - CPCC",26-01-2026 18:00:00,30.735567,76.775714,NO2,27,109,62
India,Chandigarh,Chandigarh,"Sector-25, Chandigarh - CPCC",26-01-2026 18:00:00,30.751462,76.762879,NH3,8,11,9
India,Chhattisgarh,Bhilai,"32Bungalows, Bhilai - CECB",26-01-2026 18:00:00,21.194815,81.314770,PM10,61,118,85
India,Chhattisgarh,Bhilai,"Hathkhoj, Bhilai - CECB",26-01-2026 18:00:00,21.224231,81.408350,CO,16,54,23
India,Chhattisgarh,Bilaspur,"Mangala, Bilaspur - NTPC",26-01-2026 18:00:00,22.08815,82.13737,PM2.5,74,208,121
India,Chhattisgarh,Chhal,"Nawapara SECL Colony, Chhal - CECB",26-01-2026 18:00:00,22.118125,83.140608,CO,25,38,29
India,Chhattisgarh,Korba,"Rampur, Korba - CECB",26-01-2026 18:00:00,22.368195,82.746431,PM10,52,87,69
India,Chhattisgarh,Korba,"Rampur, Korba - CECB",26-01-2026 18:00:00,22.368195,82.746431,NO2,25,42,33
India,Chhattisgarh,Korba,"Rampur, Korba - CECB",26-01-2026 18:00:00,22.368195,82.746431,NH3,1,1,1
India,Chhattisgarh,Korba,"Rampur, Korba - CECB",26-01-2026 18:00:00,22.368195,82.746431,CO,20,31,26
India,Chhattisgarh,Korba,"Urja Nagar, Korba - CECB",26-01-2026 18:00:00,22.348441,82.549611,PM2.5,NA,NA,NA
India,Chhattisgarh,Korba,"Urja Nagar, Korba - CECB",26-01-2026 18:00:00,22.348441,82.549611,NO2,19,25,21
India,Chhattisgarh,Korba,"Urja Nagar, Korba - CECB",26-01-2026 18:00:00,22.348441,82.549611,SO2,4,18,12
India,Chhattisgarh,Kunjemura,"OP Jindal School, Kunjemura - CECB",26-01-2026 18:00:00,22.126650,83.483212,CO,30,62,49
India,Chhattisgarh,Milupara,"Govt. Higher Secondary School, Milupara - CECB",26-01-2026 18:00:00,22.1910172,83.5197009,PM10,58,237,101
India,Chhattisgarh,Milupara,"Govt. Higher Secondary School, Milupara - CECB",26-01-2026 18:00:00,22.1910172,83.5197009,NH3,1,2,2
India,Chhattisgarh,Milupara,"Govt. Higher Secondary School, Milupara - CECB",26-01-2026 18:00:00,22.1910172,83.5197009,SO2,13,23,16
India,Chhattisgarh,Milupara,"Govt. Higher Secondary School, Milupara - CECB",26-01-2026 18:00:00,22.1910172,83.5197009,OZONE,7,175,126
India,Chhattisgarh,Raipur,"AIIMS, Raipur - CECB",26-01-2026 18:00:00,21.258815,81.578979,NO2,47,56,53
India,Chhattisgarh,Raipur,"AIIMS, Raipur - CECB",26-01-2026 18:00:00,21.258815,81.578979,SO2,3,6,5
India,Chhattisgarh,Raipur,"Siltara Phase-II, Raipur - CECB",26-01-2026 18:00:00,21.371751,81.664929,CO,34,36,35
India,Delhi,Delhi,"Alipur, Delhi - DPCC",26-01-2026 18:00:00,28.815329,77.153010,SO2,6,16,9
India,Delhi,Delhi,"Alipur, Delhi - DPCC",26-01-2026 18:00:00,28.815329,77.153010,OZONE,8,56,46
India,Delhi,Delhi,"Ashok Vihar, Delhi - DPCC",26-01-2026 18:00:00,28.695381,77.181665,NO2,29,110,59
India,Delhi,Delhi,"Aya Nagar, Delhi - IMD",26-01-2026 18:00:00,28.4706914,77.1099364,CO,15,46,21
India,Delhi,Delhi,"Bawana, Delhi - DPCC",26-01-2026 18:00:00,28.776200,77.051074,PM2.5,127,362,292
India,Delhi,Delhi,"Bawana, Delhi - DPCC",26-01-2026 18:00:00,28.776200,77.051074,PM10,107,243,165
India,Delhi,Delhi,"DTU, Delhi - CPCB",26-01-2026 18:00:00,28.7500499,77.1112615,SO2,29,32,31
India,Delhi,Delhi,"DTU, Delhi - CPCB",26-01-2026 18:00:00,28.7500499,77.1112615,CO,6,54,23
India,Delhi,Delhi,"Dwarka-Sector 8, Delhi - DPCC ",26-01-2026 18:00:00,28.5710274,77.0719006,OZONE,3,11,3
India,Delhi,Delhi,"IGI Airport (T3), Delhi - IMD",26-01-2026 18:00:00,28.5627763,77.1180053,PM2.5,68,175,124
India,Delhi,Delhi,"ITO, Delhi - CPCB",26-01-2026 18:00:00,28.628624,77.241060,NH3,2,3,2
India,Delhi,Delhi,"Jahangirpuri, Delhi - DPCC",26-01-2026 18:00:00,28.732820,77.170633,PM2.5,197,413,321
India,Delhi,Delhi,"Jahangirpuri, Delhi - DPCC",26-01-2026 18:00:00,28.732820,77.170633,PM10,140,366,204
India,Delhi,Delhi,"Jawaharlal Nehru Stadium, Delhi - DPCC",26-01-2026 18:00:00,28.580280,77.233829,PM10,121,298,170
India,Delhi,Delhi,"Jawaharlal Nehru Stadium, Delhi - DPCC",26-01-2026 18:00:00,28.580280,77.233829,NO2,45,106,72
India,Delhi,Delhi,"Jawaharlal Nehru Stadium, Delhi - DPCC",26-01-2026 18:00:00,28.580280,77.233829,NH3,14,17,16
India,Delhi,Delhi,"Major Dhyan Chand National Stadium, Delhi - DPCC",26-01-2026 18:00:00,28.611281,77.237738,SO2,4,18,9
India,Delhi,Delhi,"NSIT Dwarka, Delhi - CPCB",26-01-2026 18:00:00,28.60909,77.0325413,PM10,39,262,111
India,Delhi,Delhi,"NSIT Dwarka, Delhi - CPCB",26-01-2026 18:00:00,28.60909,77.0325413,CO,43,90,58
India,Delhi,Delhi,"Najafgarh, Delhi - DPCC",26-01-2026 18:00:00,28.570173,76.933762,PM2.5,83,230,157
India,Delhi,Delhi,"Najafgarh, Delhi - DPCC",26-01-2026 18:00:00,28.570173,76.933762,NH3,10,11,11
India,Delhi,Delhi,"Nehru Nagar, Delhi - DPCC",26-01-2026 18:00:00,28.567890,77.250515,SO2,7,109,19
India,Delhi,Delhi,"Nehru Nagar, Delhi - DPCC",26-01-2026 18:00:00,28.567890,77.250515,OZONE,3,304,216
India,Delhi,Delhi,"North Campus, DU, Delhi - IMD",26-01-2026 18:00:00,28.6573814,77.1585447,PM2.5,146,338,236
India,Delhi,Delhi,"Okhla Phase-2, Delhi - DPCC",26-01-2026 18:00:00,28.530785,77.271255,CO,60,125,68
India,Delhi,Delhi,"Okhla Phase-2, Delhi - DPCC",26-01-2026 18:00:00,28.530785,77.271255,OZONE,6,307,211
India,Delhi,Delhi,"Patparganj, Delhi - DPCC",26-01-2026 18:00:00,28.623763,77.287209,SO2,15,23,18
India,Delhi,Delhi,"Punjabi Bagh, Delhi - DPCC",26-01-2026 18:00:00,28.674045,77.131023,OZONE,6,94,72
India,Delhi,Delhi,"Pusa, Delhi - DPCC",26-01-2026 18:00:00,28.639652,77.146275,PM2.5,177,414,293
India,Delhi,Delhi,"Pusa, Delhi - DPCC",26-01-2026 18:00:00,28.639652,77.146275,NH3,10,23,18
India,Delhi,Delhi,"R K Puram, Delhi - DPCC",26-01-2026 18:00:00,28.563262,77.186937,NH3,7,11,9
India,Delhi,Delhi,"Rohini, Delhi - DPCC",26-01-2026 18:00:00,28.732528,77.119920,SO2,8,26,14
India,Delhi,Delhi,"Shadipur, Delhi - CPCB",26-01-2026 18:00:00,28.6514781,77.1473105,PM2.5,45,146,82
India,Delhi,Delhi,"Sirifort, Delhi - CPCB",26-01-2026 18:00:00,28.5504249,77.2159377,NO2,26,32,28
India,Delhi,Delhi,"Sonia Vihar, Delhi - DPCC",26-01-2026 18:00:00,28.710508,77.249485,PM10,115,374,206
India,Delhi,Delhi,"Sonia Vihar, Delhi - DPCC",26-01-2026 18:00:00,28.710508,77.249485,SO2,7,20,12
India,Delhi,Delhi,"Sri Aurobindo Marg, Delhi - DPCC",26-01-2026 18:00:00,28.531346,77.190156,NO2,20,76,39
India,Bihar,Munger,"Town Hall, Munger - BSPCB",26-01-2026 18:00:00,25.376776,86.471523,CO,10,114,14
India,Bihar,Muzaffarpur,"Buddha Colony, Muzaffarpur - BSPCB",26-01-2026 18:00:00,26.11442,85.39813,PM2.5,63,173,100
India,Bihar,Muzaffarpur,"Buddha Colony, Muzaffarpur - BSPCB",26-01-2026 18:00:00,26.11442,85.39813,SO2,1,11,5
India,Bihar,Muzaffarpur,"MIT-Daudpur Kothi, Muzaffarpur - BSPCB",26-01-2026 18:00:00,26.1403345,85.3650192,PM10,58,69,66
India,Bihar,Muzaffarpur,"Muzaffarpur Collectorate, Muzaffarpur - BSPCB",26-01-2026 18:00:00,26.1209,85.3647,NO2,8,17,10
India,Bihar,Patna,"DRM Office Danapur, Patna - BSPCB",26-01-2026 18:00:00,25.586562,85.043586,NO2,10,63,24
India,Bihar,Patna,"DRM Office Danapur, Patna - BSPCB",26-01-2026 18:00:00,25.586562,85.043586,NH3,5,10,6
India,Bihar,Patna,"Govt. High School Shikarpur, Patna - BSPCB",26-01-2026 18:00:00,25.592539,85.227158,NH3,4,5,5
India,Bihar,Patna,"Govt. High School Shikarpur, Patna - BSPCB",26-01-2026 18:00:00,25.592539,85.227158,SO2,14,19,16
India,Bihar,Patna,"Govt. High School Shikarpur, Patna - BSPCB",26-01-2026 18:00:00,25.592539,85.227158,CO,60,104,69
India,Bihar,Patna,"IGSC Planetarium Complex, Patna - BSPCB",26-01-2026 18:00:00,25.610369,85.132568,SO2,35,38,36
India,Bihar,Patna,"IGSC Planetarium Complex, Patna - BSPCB",26-01-2026 18:00:00,25.610369,85.132568,CO,76,80,79
India,Andhra_Pradesh,Chittoor,"Gangineni Cheruvu, Chittoor - APPCB",26-01-2026 18:00:00,13.204880,79.097889,SO2,13,42,22
India,Andhra_Pradesh,Chittoor,"Gangineni Cheruvu, Chittoor - APPCB",26-01-2026 18:00:00,13.204880,79.097889,OZONE,47,55,50
India,Andhra_Pradesh,Kadapa,"Yerramukkapalli, Kadapa - APPCB",26-01-2026 18:00:00,14.465052,78.824187,NO2,28,28,28
India,Andhra_Pradesh,Kadapa,"Yerramukkapalli, Kadapa - APPCB",26-01-2026 18:00:00,14.465052,78.824187,CO,8,11,9
India,Andhra_Pradesh,Rajamahendravaram,"Anand Kala Kshetram, Rajamahendravaram - APPCB",26-01-2026 18:00:00,16.9872867,81.7363176,SO2,6,18,10
India,Andhra_Pradesh,Tirumala,"Toll Gate, Tirumala - APPCB",26-01-2026 18:00:00,13.67,79.35,PM10,19,61,37
India,Andhra_Pradesh,Tirumala,"Toll Gate, Tirumala - APPCB",26-01-2026 18:00:00,13.67,79.35,NO2,14,23,18
India,Andhra_Pradesh,Tirumala,"Toll Gate, Tirumala - APPCB",26-01-2026 18:00:00,13.67,79.35,OZONE,13,208,23
India,Andhra_Pradesh,Vijayawada,"HB Colony, Vijayawada - APPCB",26-01-2026 18:00:00,16.536107,80.594233,NO2,18,19,18
India,Andhra_Pradesh,Vijayawada,"HB Colony, Vijayawada - APPCB",26-01-2026 18:00:00,16.536107,80.594233,NH3,4,4,4
India,Assam,Guwahati,"Pan Bazaar, Guwahati - PCBA",26-01-2026 18:00:00,26.187500,91.744194,PM2.5,47,310,140
India,Assam,Guwahati,"Pan Bazaar, Guwahati - PCBA",26-01-2026 18:00:00,26.187500,91.744194,PM10,45,141,93
India,Assam,Guwahati,"Pan Bazaar, Guwahati - PCBA",26-01-2026 18:00:00,26.187500,91.744194,OZONE,17,18,17
India,Assam,Guwahati,"Railway Colony, Guwahati - PCBA",26-01-2026 18:00:00,26.181742,91.78063,SO2,35,38,37
India,Assam,Nagaon,"Christianpatty, Nagaon - PCBA",26-01-2026 18:00:00,26.349082,92.68449,PM2.5,94,193,141
India,Assam,Nagaon,"Christianpatty, Nagaon - PCBA",26-01-2026 18:00:00,26.349082,92.68449,NH3,4,4,4
India,Assam,Nalbari,"Bata Chowk, Nalbari - PCBA",26-01-2026 18:00:00,26.446912,91.439057,PM2.5,103,189,144
India,Assam,Silchar,"Tarapur, Silchar - PCBA",26-01-2026 18:00:00,24.82827,92.79525,SO2,3,7,5
India,Assam,Sivasagar,"Girls College, Sivasagar - PCBA",26-01-2026 18:00:00,26.987634,94.636574,PM2.5,35,92,61
India,Assam,Sivasagar,"Girls College, Sivasagar - PCBA",26-01-2026 18:00:00,26.987634,94.636574,PM10,27,96,51
India,Andhra_Pradesh,Vijayawada,"Rajiv Gandhi Park, Vijayawada - APPCB",26-01-2026 18:00:00,16.509717,80.612222,SO2,17,19,18
India,Andhra_Pradesh,Visakhapatnam,"GVM Corporation, Visakhapatnam - APPCB",26-01-2026 18:00:00,17.72,83.3,PM2.5,87,288,168
India,Andhra_Pradesh,Visakhapatnam,"GVM Corporation, Visakhapatnam - APPCB",26-01-2026 18:00:00,17.72,83.3,NO2,11,148,67
India,Arunachal_Pradesh,Naharlagun,"Naharlagun, Naharlagun - APSPCB",26-01-2026 18:00:00,27.103358,93.679645,NO2,7,7,7
India,Assam,Byrnihat,"Central Academy for SFS, Byrnihat - PCBA",26-01-2026 18:00:00,26.071318,91.87488,PM2.5,91,204,135
India,Assam,Byrnihat,"Central Academy for SFS, Byrnihat - PCBA",26-01-2026 18:00:00,26.071318,91.87488,SO2,32,33,32
India,Assam,Byrnihat,"Central Academy for SFS, Byrnihat - PCBA",26-01-2026 18:00:00,26.071318,91.87488,CO,32,70,51
India,Assam,Guwahati,"LGBI Airport, Guwahati - PCBA",26-01-2026 18:00:00,26.10887,91.589544,PM2.5,32,137,82
India,Bihar,Araria,"Kharahiya Basti, Araria - BSPCB",26-01-2026 18:00:00,26.146529,87.454184,NH3,4,5,4
India,Bihar,Araria,"Kharahiya Basti, Araria - BSPCB",26-01-2026 18:00:00,26.146529,87.454184,OZONE,10,12,10
India,Bihar,Arrah,"New DM Office, Arrah - BSPCB",26-01-2026 18:00:00,25.5626095,84.663264,PM2.5,18,52,38
India,Bihar,Aurangabad,"Gurdeo Nagar, Aurangabad - BSPCB",26-01-2026 18:00:00,24.75746,84.366208,OZONE,2,31,26
India,Bihar,Begusarai,"Lohiyanagar, Begusarai - BSPCB",26-01-2026 18:00:00,25.42742023,86.13886079,NO2,9,16,13
India,Bihar,Bettiah,"Kamalnath Nagar, Bettiah - BSPCB",26-01-2026 18:00:00,26.80365,84.51954,NO2,7,10,8
India,Bihar,Bhagalpur,"DM Office_Kachari Chowk, Bhagalpur - BSPCB",26-01-2026 18:00:00,25.251013,86.989001,PM2.5,33,153,86
India,Bihar,Bhagalpur,"DM Office_Kachari Chowk, Bhagalpur - BSPCB",26-01-2026 18:00:00,25.251013,86.989001,NO2,4,13,8
India,Bihar,Bhagalpur,"Mayaganj, Bhagalpur - BSPCB",26-01-2026 18:00:00,25.265194,87.012947,CO,78,97,86
India,Bihar,Bhagalpur,"Mayaganj, Bhagalpur - BSPCB",26-01-2026 18:00:00,25.265194,87.012947,OZONE,13,34,27
India,Bihar,Bihar Sharif,"D M Colony, Bihar Sharif - BSPCB",26-01-2026 18:00:00,25.204762,85.514960,PM10,36,129,91
India,Bihar,Buxar,"Charitra Van, Buxar - BSPCB",26-01-2026 18:00:00,25.567520,83.966379,CO,20,28,25
India,Bihar,Chhapra,"Darshan Nagar, Chhapra - BSPCB",26-01-2026 18:00:00,25.7808257,84.7446768,NO2,1,2,1
India,Bihar,Chhapra,"Darshan Nagar, Chhapra - BSPCB",26-01-2026 18:00:00,25.7808257,84.7446768,CO,43,60,45
India,Bihar,Gaya,"Kareemganj, Gaya - BSPCB",26-01-2026 18:00:00,24.792403,84.992416,CO,NA,NA,NA
India,Bihar,Gaya,"SFTI Kusdihra, Gaya - BSPCB",26-01-2026 18:00:00,24.762518,84.982348,OZONE,NA,NA,NA
India,Bihar,Katihar,"Mirchaibari, Katihar - BSPCB",26-01-2026 18:00:00,25.560083,87.553265,NO2,8,11,9
India,Bihar,Katihar,"Mirchaibari, Katihar - BSPCB",26-01-2026 18:00:00,25.560083,87.553265,OZONE,22,27,23
India,Bihar,Kishanganj,"SDM Office_Khagra, Kishanganj - BSPCB",26-01-2026 18:00:00,26.0881305,87.93840336,CO,16,28,26
India,Bihar,Kishanganj,"SDM Office_Khagra, Kishanganj - BSPCB",26-01-2026 18:00:00,26.0881305,87.93840336,OZONE,15,17,16
India,Bihar,Manguraha,"Forest Rest House, Manguraha - BSPCB",26-01-2026 18:00:00,27.308328,84.531742,NO2,4,11,6
India,Bihar,Manguraha,"Forest Rest House, Manguraha - BSPCB",26-01-2026 18:00:00,27.308328,84.531742,CO,32,33,32
India,Bihar,Munger,"Town Hall, Munger - BSPCB",26-01-2026 18:00:00,25.376776,86.471523,SO2,19,30,27
India,Bihar,Patna,"Muradpur, Patna - BSPCB",26-01-2026 18:00:00,25.619651,85.147382,CO,57,67,59
India,Bihar,Patna,"Rajbansi Nagar, Patna - BSPCB",26-01-2026 18:00:00,25.599486,85.113666,OZONE,20,29,24
India,Bihar,Patna,"Samanpura, Patna - BSPCB",26-01-2026 18:00:00,25.596727,85.085624,SO2,2,4,3
India,Bihar,Patna,"Samanpura, Patna - BSPCB",26-01-2026 18:00:00,25.596727,85.085624,CO,104,121,109
India,Bihar,Purnia,"Mariam Nagar, Purnia - BSPCB",26-01-2026 18:00:00,25.366336,87.117468,CO,46,80,61
India,Bihar,Rajgir,"Dangi Tola, Rajgir - BSPCB",26-01-2026 18:00:00,25.03280,85.41948,CO,63,101,90
India,Bihar,Hajipur,"Industrial Area, Hajipur - BSPCB",26-01-2026 18:00:00,25.697189,85.245900,PM10,71,117,95
India,Bihar,Hajipur,"Industrial Area, Hajipur - BSPCB",26-01-2026 18:00:00,25.697189,85.245900,NO2,25,49,31
India,Bihar,Hajipur,"Industrial Area, Hajipur - BSPCB",26-01-2026 18:00:00,25.697189,85.245900,CO,20,52,25
India,Bihar,Hajipur,"Industrial Area, Hajipur - BSPCB",26-01-2026 18:00:00,25.697189,85.245900,OZONE,15,111,95
India,Andhra_Pradesh,Amaravati,"Secretariat, Amaravati - APPCB",26-01-2026 18:00:00,16.5150833,80.5181667,PM2.5,28,343,148
India,Andhra_Pradesh,Anantapur,"Gulzarpet, Anantapur - APPCB",26-01-2026 18:00:00,14.675886,77.593027,PM2.5,63,78,68
India,Delhi,Delhi,"Dr. Karni Singh Shooting Range, Delhi - DPCC",26-01-2026 18:00:00,28.498571,77.264840,NO2,11,83,36
India,Delhi,Delhi,"Dr. Karni Singh Shooting Range, Delhi - DPCC",26-01-2026 18:00:00,28.498571,77.264840,SO2,8,28,13
India,Delhi,Delhi,"Dr. Karni Singh Shooting Range, Delhi - DPCC",26-01-2026 18:00:00,28.498571,77.264840,OZONE,5,197,140
India,Delhi,Delhi,"Dwarka-Sector 8, Delhi - DPCC ",26-01-2026 18:00:00,28.5710274,77.0719006,PM10,129,322,196
India,Delhi,Delhi,"Dwarka-Sector 8, Delhi - DPCC ",26-01-2026 18:00:00,28.5710274,77.0719006,CO,11,98,32
India,Delhi,Delhi,"IGI Airport (T3), Delhi - IMD",26-01-2026 18:00:00,28.5627763,77.1180053,NO2,51,95,77
India,Delhi,Delhi,"IGI Airport (T3), Delhi - IMD",26-01-2026 18:00:00,28.5627763,77.1180053,CO,8,111,22
India,Delhi,Delhi,"IHBAS, Dilshad Garden, Delhi - CPCB",26-01-2026 18:00:00,28.6811736,77.3025234,SO2,3,24,12
India,Delhi,Delhi,"IHBAS, Dilshad Garden, Delhi - CPCB",26-01-2026 18:00:00,28.6811736,77.3025234,OZONE,20,65,41
India,Delhi,Delhi,"ITO, Delhi - CPCB",26-01-2026 18:00:00,28.628624,77.241060,PM10,103,237,151
India,Delhi,Delhi,"ITO, Delhi - CPCB",26-01-2026 18:00:00,28.628624,77.241060,NO2,38,76,54
India,Delhi,Delhi,"Anand Vihar, Delhi - DPCC",26-01-2026 18:00:00,28.647622,77.3158090,CO,48,117,57
India,Delhi,Delhi,"Ashok Vihar, Delhi - DPCC",26-01-2026 18:00:00,28.695381,77.181665,PM10,133,348,199
India,Delhi,Delhi,"Ashok Vihar, Delhi - DPCC",26-01-2026 18:00:00,28.695381,77.181665,CO,6,104,35
India,Delhi,Delhi,"Bawana, Delhi - DPCC",26-01-2026 18:00:00,28.776200,77.051074,NO2,5,47,22
India,Delhi,Delhi,"Bawana, Delhi - DPCC",26-01-2026 18:00:00,28.776200,77.051074,SO2,8,46,15
India,Delhi,Delhi,"Burari Crossing, Delhi - IMD",26-01-2026 18:00:00,28.7256504,77.2011573,NO2,90,166,121
India,Delhi,Delhi,"CRRI Mathura Road, Delhi - IMD",26-01-2026 18:00:00,28.5512005,77.2735737,CO,29,90,34
India,Delhi,Delhi,"Chandni Chowk, Delhi - IITM",26-01-2026 18:00:00,28.656756,77.227234,PM10,93,440,234
India,Delhi,Delhi,"Chandni Chowk, Delhi - IITM",26-01-2026 18:00:00,28.656756,77.227234,NH3,8,18,11
India,Delhi,Delhi,"DTU, Delhi - CPCB",26-01-2026 18:00:00,28.7500499,77.1112615,PM2.5,88,380,266
India,Delhi,Delhi,"Patparganj, Delhi - DPCC",26-01-2026 18:00:00,28.623763,77.287209,OZONE,2,289,153
India,Delhi,Delhi,"Punjabi Bagh, Delhi - DPCC",26-01-2026 18:00:00,28.674045,77.131023,NH3,4,5,5
India,Delhi,Delhi,"Pusa, Delhi - IMD",26-01-2026 18:00:00,28.636110,77.173332,PM10,48,283,156
India,Delhi,Delhi,"Pusa, Delhi - IMD",26-01-2026 18:00:00,28.636110,77.173332,NO2,52,142,87
India,Delhi,Delhi,"Pusa, Delhi - IMD",26-01-2026 18:00:00,28.636110,77.173332,OZONE,29,299,188
India,Delhi,Delhi,"R K Puram, Delhi - DPCC",26-01-2026 18:00:00,28.563262,77.186937,PM10,94,248,150
India,Delhi,Delhi,"R K Puram, Delhi - DPCC",26-01-2026 18:00:00,28.563262,77.186937,NO2,53,102,76
India,Delhi,Delhi,"R K Puram, Delhi - DPCC",26-01-2026 18:00:00,28.563262,77.186937,SO2,9,47,22
India,Delhi,Delhi,"R K Puram, Delhi - DPCC",26-01-2026 18:00:00,28.563262,77.186937,OZONE,5,212,146
India,Delhi,Delhi,"Rohini, Delhi - DPCC",26-01-2026 18:00:00,28.732528,77.119920,PM2.5,97,384,297
India,Delhi,Delhi,"Rohini, Delhi - DPCC",26-01-2026 18:00:00,28.732528,77.119920,NO2,21,75,44
India,Delhi,Delhi,"Rohini, Delhi - DPCC",26-01-2026 18:00:00,28.732528,77.119920,NH3,22,25,24
India,Chhattisgarh,Bhilai,"Hathkhoj, Bhilai - CECB",26-01-2026 18:00:00,21.224231,81.408350,PM2.5,43,92,63
India,Chhattisgarh,Bhilai,"Hathkhoj, Bhilai - CECB",26-01-2026 18:00:00,21.224231,81.408350,PM10,27,123,57
India,Chhattisgarh,Bhilai,"Hathkhoj, Bhilai - CECB",26-01-2026 18:00:00,21.224231,81.408350,NO2,22,78,46
India,Chhattisgarh,Bhilai,"Hathkhoj, Bhilai - CECB",26-01-2026 18:00:00,21.224231,81.408350,SO2,14,89,46
India,Chhattisgarh,Bilaspur,"Mangala, Bilaspur - NTPC",26-01-2026 18:00:00,22.08815,82.13737,NO2,22,158,46
India,Chhattisgarh,Chhal,"Nawapara SECL Colony, Chhal - CECB",26-01-2026 18:00:00,22.118125,83.140608,NH3,NA,NA,NA
India,Chhattisgarh,Korba,"Rampur, Korba - CECB",26-01-2026 18:00:00,22.368195,82.746431,OZONE,2,17,14
India,Chhattisgarh,Kunjemura,"OP Jindal School, Kunjemura - CECB",26-01-2026 18:00:00,22.126650,83.483212,PM10,117,207,154
India,Chhattisgarh,Kunjemura,"OP Jindal School, Kunjemura - CECB",26-01-2026 18:00:00,22.126650,83.483212,SO2,2,83,25
India,Chhattisgarh,Kunjemura,"OP Jindal School, Kunjemura - CECB",26-01-2026 18:00:00,22.126650,83.483212,OZONE,1,74,59
India,Chhattisgarh,Milupara,"Govt. Higher Secondary School, Milupara - CECB",26-01-2026 18:00:00,22.1910172,83.5197009,PM2.5,57,114,84
India,Chhattisgarh,Milupara,"Govt. Higher Secondary School, Milupara - CECB",26-01-2026 18:00:00,22.1910172,83.5197009,CO,20,58,28
India,Chhattisgarh,Raipur,"Krishak Nagar, Raipur - CECB",26-01-2026 18:00:00,21.237755,81.705301,PM10,44,114,90
India,Chhattisgarh,Raipur,"Siltara Phase-II, Raipur - CECB",26-01-2026 18:00:00,21.371751,81.664929,SO2,2,8,4
India,Delhi,Delhi,"Alipur, Delhi - DPCC",26-01-2026 18:00:00,28.815329,77.153010,CO,34,74,46
India,Bihar,Sasaram,"Dada Peer, Sasaram - BSPCB",26-01-2026 18:00:00,24.952822,84.002396,PM2.5,24,52,34
India,Bihar,Sasaram,"Dada Peer, Sasaram - BSPCB",26-01-2026 18:00:00,24.952822,84.002396,NH3,3,4,3
India,Bihar,Siwan,"Chitragupta Nagar, Siwan - BSPCB",26-01-2026 18:00:00,26.2271665,84.3570427,PM10,45,126,79
India,Bihar,Siwan,"Chitragupta Nagar, Siwan - BSPCB",26-01-2026 18:00:00,26.2271665,84.3570427,NO2,1,5,2
India,Bihar,Siwan,"Chitragupta Nagar, Siwan - BSPCB",26-01-2026 18:00:00,26.2271665,84.3570427,NH3,1,1,1
India,Bihar,Siwan,"Chitragupta Nagar, Siwan - BSPCB",26-01-2026 18:00:00,26.2271665,84.3570427,SO2,8,9,9
India,Chandigarh,Chandigarh,"Sector 22, Chandigarh - CPCC",26-01-2026 18:00:00,30.735567,76.775714,PM10,59,165,103
India,Delhi,Delhi,"Lodhi Road, Delhi - IMD",26-01-2026 18:00:00,28.5918245,77.2273074,NO2,38,62,48
India,Delhi,Delhi,"Lodhi Road, Delhi - IMD",26-01-2026 18:00:00,28.5918245,77.2273074,OZONE,13,176,132
India,Delhi,Delhi,"Major Dhyan Chand National Stadium, Delhi - DPCC",26-01-2026 18:00:00,28.611281,77.237738,OZONE,1,199,138
India,Delhi,Delhi,"Mandir Marg, Delhi - DPCC",26-01-2026 18:00:00,28.636429,77.201067,CO,60,116,69
India,Delhi,Delhi,"Mundka, Delhi - DPCC",26-01-2026 18:00:00,28.684678,77.076574,NO2,47,90,64
India,Delhi,Delhi,"NSIT Dwarka, Delhi - CPCB",26-01-2026 18:00:00,28.60909,77.0325413,PM2.5,33,99,48
India,Delhi,Delhi,"NSIT Dwarka, Delhi - CPCB",26-01-2026 18:00:00,28.60909,77.0325413,NH3,6,9,7
India,Delhi,Delhi,"NSIT Dwarka, Delhi - CPCB",26-01-2026 18:00:00,28.60909,77.0325413,OZONE,22,34,30
India,Delhi,Delhi,"Narela, Delhi - DPCC",26-01-2026 18:00:00,28.822836,77.101981,NO2,9,37,20
India,Delhi,Delhi,"Nehru Nagar, Delhi - DPCC",26-01-2026 18:00:00,28.567890,77.250515,PM2.5,223,411,302
India,Delhi,Delhi,"Patparganj, Delhi - DPCC",26-01-2026 18:00:00,28.623763,77.287209,PM2.5,107,367,253
India,Delhi,Delhi,"Patparganj, Delhi - DPCC",26-01-2026 18:00:00,28.623763,77.287209,PM10,113,283,167
India,Delhi,Delhi,"Patparganj, Delhi - DPCC",26-01-2026 18:00:00,28.623763,77.287209,NO2,29,124,71
India,Delhi,Delhi,"Rohini, Delhi - DPCC",26-01-2026 18:00:00,28.732528,77.119920,OZONE,3,268,155
India,Delhi,Delhi,"Shadipur, Delhi - CPCB",26-01-2026 18:00:00,28.6514781,77.1473105,NH3,11,15,12
India,Delhi,Delhi,"Shadipur, Delhi - CPCB",26-01-2026 18:00:00,28.6514781,77.1473105,SO2,5,22,15
India,Delhi,Delhi,"Shadipur, Delhi - CPCB",26-01-2026 18:00:00,28.6514781,77.1473105,CO,28,111,63
India,Delhi,Delhi,"Sonia Vihar, Delhi - DPCC",26-01-2026 18:00:00,28.710508,77.249485,PM2.5,113,355,286
India,Delhi,Delhi,"Sonia Vihar, Delhi - DPCC",26-01-2026 18:00:00,28.710508,77.249485,CO,73,124,80
India,Delhi,Delhi,"Sri Aurobindo Marg, Delhi - DPCC",26-01-2026 18:00:00,28.531346,77.190156,PM2.5,88,270,155
India,Delhi,Delhi,"Sri Aurobindo Marg, Delhi - DPCC",26-01-2026 18:00:00,28.531346,77.190156,OZONE,2,135,93
India,Delhi,Delhi,"Vivek Vihar, Delhi - DPCC",26-01-2026 18:00:00,28.672342,77.315260,NO2,36,99,58
India,Delhi,Delhi,"Vivek Vihar, Delhi - DPCC",26-01-2026 18:00:00,28.672342,77.315260,CO,42,105,64
India,Delhi,Delhi,"Wazirpur, Delhi - DPCC",26-01-2026 18:00:00,28.699793,77.165453,PM2.5,163,388,294
India,Gujarat,Ahmedabad,"Chandkheda, Ahmedabad - IITM",26-01-2026 18:00:00,23.107969,72.574648,PM2.5,68,131,86
India,Gujarat,Ahmedabad,"Chandkheda, Ahmedabad - IITM",26-01-2026 18:00:00,23.107969,72.574648,PM10,103,180,139
India,Gujarat,Ahmedabad,"Chandkheda, Ahmedabad - IITM",26-01-2026 18:00:00,23.107969,72.574648,CO,36,75,53
